url,checked_at,http_status,final_url,bytes,content_type,sha256,error,interpretation
https://adnoc.ae/en/al-yasat-petroleum/about-us/what-we-do,2026-09-30,200,https://adnoc.ae/en/al-yasat-petroleum/about-us/what-we-do,340737,text/html; charset=utf-8,,,HTTP仅访问检查，非事实核验；403/401可能反爬，404应修复原引用
https://adnoc.ae/en/news-and-media/press-releases/2019/adnoc-invests-aed-1-8-billion-to-upgrade-its-giant-bab-onshore-field,2026-09-30,200,https://adnoc.ae/en/news-and-media/press-releases/2019/adnoc-invests-aed-1-8-billion-to-upgrade-its-giant-bab-onshore-field,353072,text/html; charset=utf-8,,,HTTP仅访问检查，非事实核验；403/401可能反爬，404应修复原引用
https://adnoc.ae/en/news-and-media/press-releases/2022/adnoc-announces-%24548-million-contract-for-a-new-main-gas-line-at-its-lower-zakum-field,2026-09-30,200,https://adnoc.ae/en/news-and-media/press-releases/2022/adnoc-announces-%24548-million-contract-for-a-new-main-gas-line-at-its-lower-zakum-field,356918,text/html; charset=utf-8,,,HTTP仅访问检查，非事实核验；403/401可能反爬，404应修复原引用
https://adnoc.ae/en/news-and-media/press-releases/2023/adnoc-announces-first-production-from-belbazem-offshore-block/,2026-09-30,200,https://adnoc.ae/en/news-and-media/press-releases/2023/adnoc-announces-first-production-from-belbazem-offshore-block/,351677,text/html; charset=utf-8,,,HTTP仅访问检查，非事实核验；403/401可能反爬，404应修复原引用
https://adnoc.ae/en/news-and-media/press-releases/2023/adnocs-offshore-sarb-field-commences-ai-enabled-digital-operations,2026-09-30,200,https://adnoc.ae/en/news-and-media/press-releases/2023/adnocs-offshore-sarb-field-commences-ai-enabled-digital-operations,351802,text/html; charset=utf-8,,,HTTP仅访问检查，非事实核验；403/401可能反爬，404应修复原引用
https://adnoc.ae/en/news-and-media/press-releases/2025/adnoc-achieves-industryleading-carbon-intensity-at-shah,2026-09-30,200,https://adnoc.ae/en/news-and-media/press-releases/2025/adnoc-achieves-industryleading-carbon-intensity-at-shah,352280,text/html; charset=utf-8,,,HTTP仅访问检查，非事实核验；403/401可能反爬，404应修复原引用
https://adnoc.ae/en/news-and-media/press-releases/2025/uae-president-chairs-adnoc-board-of-directors-meeting-at-habshan-complex,2026-09-30,200,https://adnoc.ae/en/news-and-media/press-releases/2025/uae-president-chairs-adnoc-board-of-directors-meeting-at-habshan-complex,360523,text/html; charset=utf-8,,,HTTP仅访问检查，非事实核验；403/401可能反爬，404应修复原引用
https://china.aramco.com/zh-cn/news-media/global-news/2026/aramco-announces-fourth-quarter-and-full-year-2025-results,2026-09-30,200,https://china.aramco.com/zh-cn/news-media/global-news/2026/aramco-announces-fourth-quarter-and-full-year-2025-results,470119,text/html; charset=utf-8,,,HTTP仅访问检查，非事实核验；403/401可能反爬，404应修复原引用
https://daleelpetroleum.com/media/news/2023/daleel-petroleum-a-journey-of-excellence,2026-09-30,200,https://daleelpetroleum.com/media/news/2023/daleel-petroleum-a-journey-of-excellence,32746,text/html; charset=UTF-8,,,HTTP仅访问检查，非事实核验；403/401可能反爬，404应修复原引用
https://daleelpetroleum.com/operational-excellence/production,2026-09-30,200,https://daleelpetroleum.com/operational-excellence/production,29583,text/html; charset=UTF-8,,,HTTP仅访问检查，非事实核验；403/401可能反爬，404应修复原引用
https://egyptoil-gas.com/news/osoco-raises-output-to-1-7-mmboe-in-fy-2025-26/,2026-09-30,200,https://egyptoil-gas.com/news/osoco-raises-output-to-1-7-mmboe-in-fy-2025-26/,201117,text/html; charset=UTF-8,,,HTTP仅访问检查，非事实核验；403/401可能反爬，404应修复原引用
https://egyptoil-gas.com/news/suez-oil-company-increased-proven-reserves-by-3-9-mmbbl/,2026-09-30,200,https://egyptoil-gas.com/news/suez-oil-company-increased-proven-reserves-by-3-9-mmbbl/,198598,text/html; charset=UTF-8,,,HTTP仅访问检查，非事实核验；403/401可能反爬，404应修复原引用
https://eiti.org/documents/iraq-2023-eiti-report,2026-09-30,200,https://eiti.org/documents/iraq-2023-eiti-report,76998,text/html; charset=utf-8,,,HTTP仅访问检查，非事实核验；403/401可能反爬，404应修复原引用
https://eiti.org/sites/default/files/2024-01/Iraq%202021%20EITI%20Report.pdf,2026-09-30,200,https://eiti.org/sites/default/files/2024-01/Iraq%202021%20EITI%20Report.pdf,5889835,application/pdf,57f1268210a696b892a609865d323ae593e935cdd2699693720a3f8d62b6183e,,HTTP仅访问检查，非事实核验；403/401可能反爬，404应修复原引用
https://eiti.org/sites/default/files/Iraq%202023%20EITI%20Report.docx,2026-09-30,200,https://eiti.org/sites/default/files/Iraq%202023%20EITI%20Report.docx,8085649,application/vnd.openxmlformats-officedocument.wordprocessingml.document,3324daa3157bc501da0862f94496b898a719dbd6198f1b280d9558ac571f6720,,HTTP仅访问检查，非事实核验；403/401可能反爬，404应修复原引用
https://eiti.org/sites/default/files/attachments/iraq_2016_eiti_report.pdf,2026-09-30,200,https://eiti.org/sites/default/files/attachments/iraq_2016_eiti_report.pdf,4176229,application/pdf,8d3009ebfd02e0e9c4d67d1b7821810c0ec42d4295b115d09b1bd230cd8bfc24,,HTTP仅访问检查，非事实核验；403/401可能反爬，404应修复原引用
https://en.wikipedia.org/wiki/South_Pars/North_Dome_Gas-Condensate_field,2026-09-30,200,https://en.wikipedia.org/wiki/South_Pars/North_Dome_Gas-Condensate_field,398860,text/html; charset=UTF-8,,,HTTP仅访问检查，非事实核验；403/401可能反爬，404应修复原引用
https://en.ypagency.net/377792,2026-09-30,ERROR,,,,,"HTTPSConnectionPool(host='en.ypagency.net', port=443): Read timed out. (read timeout=22)",HTTP仅访问检查，非事实核验；403/401可能反爬，404应修复原引用
https://en.zamanalwsl.net/news/article/70852/,2026-09-30,200,https://en.zamanalwsl.net/news/article/70852/,69670,text/html; charset=UTF-8,,,HTTP仅访问检查，非事实核验；403/401可能反爬，404应修复原引用
https://eug.petroleum.gov.eg/dp/jsp/assets/docs/EGPC/2023%20EGPC%20Brownfields%20Overview.pdf,2026-09-30,200,https://eug.petroleum.gov.eg/dp/jsp/assets/docs/EGPC/2023%20EGPC%20Brownfields%20Overview.pdf,2400133,application/pdf,5e2192718ac95d04a25605ea908f52d65b2902b82c39fded73a53acb96314b5c,,HTTP仅访问检查，非事实核验；403/401可能反爬，404应修复原引用
https://eug.petroleum.gov.eg/dp/pages/customcode/MDS_iTabs/information-img/Egypt_Concession_Map.pdf,2026-09-30,200,https://eug.petroleum.gov.eg/dp/pages/customcode/MDS_iTabs/information-img/Egypt_Concession_Map.pdf,24183213,application/pdf,dd98863fa03197207534745de2686afec1e0e20846b0091e48a1ee253609bb2a,,HTTP仅访问检查，非事实核验；403/401可能反爬，404应修复原引用
https://genelenergy.com/wp-content/uploads/Genel-2024-Q1-trading-update.pdf,2026-09-30,403,https://genelenergy.com/wp-content/uploads/Genel-2024-Q1-trading-update.pdf,239,text/html; charset=iso-8859-1,,,HTTP仅访问检查，非事实核验；403/401可能反爬，404应修复原引用
https://geoexpro.com/uae-sharjah-gas-discovery/,2026-09-30,404,https://geoexpro.com/uae-sharjah-gas-discovery/,142122,text/html; charset=UTF-8,,,HTTP仅访问检查，非事实核验；403/401可能反爬，404应修复原引用
https://hknsyria.com/,2026-09-30,200,https://hknsyria.com/,8001,text/html; charset=utf-8,,,HTTP仅访问检查，非事实核验；403/401可能反爬，404应修复原引用
https://mapcarta.com/12444616,2026-09-30,403,https://mapcarta.com/12444616,4844,text/html; charset=UTF-8,,,HTTP仅访问检查，非事实核验；403/401可能反爬，404应修复原引用
https://mapcarta.com/12540670,2026-09-30,403,https://mapcarta.com/12540670,4844,text/html; charset=UTF-8,,,HTTP仅访问检查，非事实核验；403/401可能反爬，404应修复原引用
https://mapcarta.com/12542254,2026-09-30,403,https://mapcarta.com/12542254,4844,text/html; charset=UTF-8,,,HTTP仅访问检查，非事实核验；403/401可能反爬，404应修复原引用
https://mapcarta.com/13059698,2026-09-30,403,https://mapcarta.com/13059698,4844,text/html; charset=UTF-8,,,HTTP仅访问检查，非事实核验；403/401可能反爬，404应修复原引用
https://mapcarta.com/26089772,2026-09-30,403,https://mapcarta.com/26089772,4844,text/html; charset=UTF-8,,,HTTP仅访问检查，非事实核验；403/401可能反爬，404应修复原引用
https://mapcarta.com/30858796,2026-09-30,403,https://mapcarta.com/30858796,4844,text/html; charset=UTF-8,,,HTTP仅访问检查，非事实核验；403/401可能反爬，404应修复原引用
https://mapcarta.com/35907568,2026-09-30,403,https://mapcarta.com/35907568,4844,text/html; charset=UTF-8,,,HTTP仅访问检查，非事实核验；403/401可能反爬，404应修复原引用
https://mapcarta.com/36033010,2026-09-30,403,https://mapcarta.com/36033010,4844,text/html; charset=UTF-8,,,HTTP仅访问检查，非事实核验；403/401可能反爬，404应修复原引用
https://mapcarta.com/36266762,2026-09-30,403,https://mapcarta.com/36266762,4844,text/html; charset=UTF-8,,,HTTP仅访问检查，非事实核验；403/401可能反爬，404应修复原引用
https://mapcarta.com/N8571647117,2026-09-30,403,https://mapcarta.com/N8571647117,4844,text/html; charset=UTF-8,,,HTTP仅访问检查，非事实核验；403/401可能反爬，404应修复原引用
https://mapcarta.com/W498389042,2026-09-30,403,https://mapcarta.com/W498389042,4844,text/html; charset=UTF-8,,,HTTP仅访问检查，非事实核验；403/401可能反爬，404应修复原引用
https://mapcarta.com/W498389044,2026-09-30,403,https://mapcarta.com/W498389044,4844,text/html; charset=UTF-8,,,HTTP仅访问检查，非事实核验；403/401可能反爬，404应修复原引用
https://mapcarta.com/W498389053,2026-09-30,403,https://mapcarta.com/W498389053,4844,text/html; charset=UTF-8,,,HTTP仅访问检查，非事实核验；403/401可能反爬，404应修复原引用
https://mapnagroup.com/63236/mapna-officially-notified-of-ipc-contract-for-development-of-bande-karkheh-oil-field/?lang=en,2026-09-30,200,https://mapnagroup.com/63236/mapna-officially-notified-of-ipc-contract-for-development-of-bande-karkheh-oil-field/?lang=en,188121,text/html; charset=UTF-8,,,HTTP仅访问检查，非事实核验；403/401可能反爬，404应修复原引用
https://mom-ye.com/site-en/,2026-09-30,200,https://mom-ye.com/site-en/,114698,text/html; charset=UTF-8,,,HTTP仅访问检查，非事实核验；403/401可能反爬，404应修复原引用
https://oq.com/en/news-and-media/newsroom/20230126-oq-celebrates-inauguration-of-bisat-oil-field,2026-09-30,502,https://oq.com/en/news-and-media/newsroom/20230126-oq-celebrates-inauguration-of-bisat-oil-field,137,text/html,,,HTTP仅访问检查，非事实核验；403/401可能反爬，404应修复原引用
https://oqep.om/UploadsAll/IRFiles/1781008603725OQEP_2025_Annual_Report.pdf,2026-09-30,200,https://oqep.om/UploadsAll/IRFiles/1781008603725OQEP_2025_Annual_Report.pdf,13224226,application/pdf,30d349ce3703447845686c2dee07bb4149118026e44ba8989b5a73b7632e02a9,,HTTP仅访问检查，非事实核验；403/401可能反爬，404应修复原引用
https://pepaye.com/production/plan,2026-09-30,200,https://pepaye.com/production/plan,34612,text/html; charset=UTF-8,,,HTTP仅访问检查，非事实核验；403/401可能反爬，404应修复原引用
https://ports.marinelink.com/oilrigs/rig/alkarkaraastructure,2026-09-30,200,https://ports.marinelink.com/oilrigs/rig/alkarkaraastructure,13053,text/html; charset=utf-8,,,HTTP仅访问检查，非事实核验；403/401可能反爬，404应修复原引用
https://presidency.gov.krd/en/statement-from-the-presidency-of-the-kurdistan-region-5/,2026-09-30,200,https://presidency.gov.krd/en/statement-from-the-presidency-of-the-kurdistan-region-5/,145624,text/html; charset=UTF-8,,,HTTP仅访问检查，非事实核验；403/401可能反爬，404应修复原引用
https://prime.energy.gov.il/en/prime.html,2026-09-30,200,https://prime.energy.gov.il/en/prime.html,3337,text/html,,,HTTP仅访问检查，非事实核验；403/401可能反爬，404应修复原引用
https://qna.org.qa/en/news/news-details?date=23%2F12%2F2022&id=0056-qatarenergy-signs-agreement-with-qpd-to-continue-al-karkara%2C-a-structures-offshore-fields-development-and-production,2026-09-30,200,https://qna.org.qa/en/news/news-details?date=23%2F12%2F2022&id=0056-qatarenergy-signs-agreement-with-qpd-to-continue-al-karkara%2C-a-structures-offshore-fields-development-and-production,64166,text/html; charset=utf-8,,,HTTP仅访问检查，非事实核验；403/401可能反爬，404应修复原引用
https://report.eni.com/factbook-2013/en/business-segments/exploration-production/activity-areas/north-africa.html,2026-09-30,200,https://report.eni.com/factbook-2013/en/business-segments/exploration-production/activity-areas/north-africa.html,34274,text/html,,,HTTP仅访问检查，非事实核验；403/401可能反爬，404应修复原引用
https://reports.adnoc.ae/e/sustainability-report-2025-mobile,2026-09-30,200,https://reports.adnoc.ae/e/sustainability-report-2025-mobile,17046,text/html,,,HTTP仅访问检查，非事实核验；403/401可能反爬，404应修复原引用
https://rumaila.iq/english/about-us/history-2/,2026-09-30,200,https://rumaila.iq/english/about-us/history-2/,53104,text/html; charset=UTF-8,,,HTTP仅访问检查，非事实核验；403/401可能反爬，404应修复原引用
https://sana.sy/en/economic/2292355/,2026-09-30,200,https://sana.sy/en/economic/2292355/,109168,text/html; charset=UTF-8,,,HTTP仅访问检查，非事实核验；403/401可能反爬，404应修复原引用
https://sana.sy/en/economic/2292574/,2026-09-30,200,https://sana.sy/en/economic/2292574/,116299,text/html; charset=UTF-8,,,HTTP仅访问检查，非事实核验；403/401可能反爬，404应修复原引用
https://sana.sy/es/economy/2298482/,2026-09-30,200,https://sana.sy/es/economy/2298482/,109203,text/html; charset=UTF-8,,,HTTP仅访问检查，非事实核验；403/401可能反爬，404应修复原引用
https://sana.sy/es/economy/2304911/,2026-09-30,200,https://sana.sy/es/economy/2304911/,113510,text/html; charset=UTF-8,,,HTTP仅访问检查，非事实核验；403/401可能反爬，404应修复原引用
https://sepocye.com/en/DefaultDET.aspx?SUB_ID=81,2026-09-30,200,https://sepocye.com/en/DefaultDET.aspx?SUB_ID=81,48326,text/html; charset=utf-8,,,HTTP仅访问检查，非事实核验；403/401可能反爬，404应修复原引用
https://shafaq.com/en/Economy/Iraq-expands-oil-production-starts-drilling-in-border-region,2026-09-30,200,https://shafaq.com/en/Economy/Iraq-expands-oil-production-starts-drilling-in-border-region,217513,text/html; charset=UTF-8,,,HTTP仅访问检查，非事实核验；403/401可能反爬，404应修复原引用
https://shamaranpetroleum.com/news/shamaran-reports-second-quarter-2026-results-122891/,2026-09-30,200,https://shamaranpetroleum.com/news/shamaran-reports-second-quarter-2026-results-122891/,59691,text/html;charset=utf-8,,,HTTP仅访问检查，非事实核验；403/401可能反爬，404应修复原引用
https://totalenergies.com/newsroom/iraq-totalenergies-launches-construction-final-two-major-projects-ggip/?lang=eng,2026-09-30,200,https://totalenergies.com/newsroom/iraq-totalenergies-launches-construction-final-two-major-projects-ggip/?lang=eng,114110,text/html; charset=UTF-8,3298784de09e686e6f4afd3fa57cdff0edc739af4451551afc9b0bbfbbaa654f,,HTTP仅访问检查，非事实核验；403/401可能反爬，404应修复原引用
https://unfccc.int/sites/default/files/resource/30112025_Bahrain%27s_BTR1_2024_to_the_UNFCCC_vSubmitted.pdf,2026-09-30,200,https://unfccc.int/sites/default/files/resource/30112025_Bahrain%27s_BTR1_2024_to_the_UNFCCC_vSubmitted.pdf,7400943,application/pdf,b296da386897156821ebbcc6256ea40d70b7b68d1a4f47fabc4c6ecc71eea999,,HTTP仅访问检查，非事实核验；403/401可能反爬，404应修复原引用
https://uomosul.edu.iq/petroleumengineering/%D8%B2%D9%8A%D8%A7%D8%B1%D8%A9-%D8%B9%D9%84%D9%85%D9%8A%D8%A9-5/,2026-09-30,200,https://uomosul.edu.iq/petroleumengineering/%D8%B2%D9%8A%D8%A7%D8%B1%D8%A9-%D8%B9%D9%84%D9%85%D9%8A%D8%A9-5/,219712,text/html; charset=UTF-8,,,HTTP仅访问检查，非事实核验；403/401可能反爬，404应修复原引用
https://www.adnoc.ae/en/adnoc-offshore,2026-09-30,200,https://www.adnoc.ae/en/adnoc-offshore,360995,text/html; charset=utf-8,,,HTTP仅访问检查，非事实核验；403/401可能反爬，404应修复原引用
https://www.adnoc.ae/en/adnoc-onshore/about-us/what-we-do,2026-09-30,200,https://www.adnoc.ae/en/adnoc-onshore/about-us/what-we-do,342371,text/html; charset=utf-8,,,HTTP仅访问检查，非事实核验；403/401可能反爬，404应修复原引用
https://www.adnoc.ae/en/al-dhafra-petroleum/about-us/what-we-do,2026-09-30,200,https://www.adnoc.ae/en/al-dhafra-petroleum/about-us/what-we-do,341117,text/html; charset=utf-8,,,HTTP仅访问检查，非事实核验；403/401可能反爬，404应修复原引用
https://www.adnoc.ae/en/news-and-media/press-releases/2022/adnoc-invests-close-to-usd1-billion-in-the-long-term-development-of-umm-shaif-field,2026-09-30,200,https://www.adnoc.ae/en/news-and-media/press-releases/2022/adnoc-invests-close-to-usd1-billion-in-the-long-term-development-of-umm-shaif-field,354781,text/html; charset=utf-8,,,HTTP仅访问检查，非事实核验；403/401可能反爬，404应修复原引用
https://www.adnoc.ae/en/news-and-media/press-releases/2026/adnoc-announces-final-investment-decision-for-the-sarb-deep-gas-development/,2026-09-30,200,https://www.adnoc.ae/en/news-and-media/press-releases/2026/adnoc-announces-final-investment-decision-for-the-sarb-deep-gas-development/,350991,text/html; charset=utf-8,7bd38da26f5abb3317cdcb55cfc43d5ab4b57e0418d5f312d145424c25eeabd1,,HTTP仅访问检查，非事实核验；403/401可能反爬，404应修复原引用
https://www.adnoc.ae/news-and-media/press-releases/2021/adnoc-invests-usd318-million-to-connect-smart-wells-at-bu-hasa,2026-09-30,200,https://www.adnoc.ae/news-and-media/press-releases/2021/adnoc-invests-usd318-million-to-connect-smart-wells-at-bu-hasa,354102,text/html; charset=utf-8,,,HTTP仅访问检查，非事实核验；403/401可能反爬，404应修复原引用
https://www.aramco.com/-/media/images/investors/saudi-aramco-prospectus-en-051219.pdf,2026-09-30,200,https://www.aramco.com/-/media/images/investors/saudi-aramco-prospectus-en-051219.pdf,25877213,application/pdf,006278356182737f0eff66684b86784f8944120f28a0cf35bcd0f92f2405479c,,HTTP仅访问检查，非事实核验；403/401可能反爬，404应修复原引用
https://www.aramco.com/-/media/publications/corporate-reports/bonds/2019-gmtn-prospectus.pdf,2026-09-30,200,https://www.aramco.com/-/media/publications/corporate-reports/bonds/2019-gmtn-prospectus.pdf,4717269,application/pdf,6026d62cb3812a581d7491f494ad889a718642f8462fe99b0a37f43ce990899e,,HTTP仅访问检查，非事实核验；403/401可能反爬，404应修复原引用
https://www.aramco.com/-/media/publications/corporate-reports/reports-and-presentations/2025/fy/saudi-aramco-ara-2025-english.pdf,2026-09-30,200,https://www.aramco.com/-/media/publications/corporate-reports/reports-and-presentations/2025/fy/saudi-aramco-ara-2025-english.pdf,17683967,application/pdf,78bb678e8e45f5c58fa1b2402ab5a29c5ad10adfda8ba5e7ee5f4d1ad76cd227,,HTTP仅访问检查，非事实核验；403/401可能反爬，404应修复原引用
https://www.aramco.com/en/investors/annual-report/highlights,2026-09-30,200,https://www.aramco.com/en/investors/annual-report/highlights,487325,text/html; charset=utf-8,,,HTTP仅访问检查，非事实核验；403/401可能反爬，404应修复原引用
https://www.aramco.com/en/news-media/elements-magazine/2020/why-intelligence-is-important,2026-09-30,200,https://www.aramco.com/en/news-media/elements-magazine/2020/why-intelligence-is-important,534390,text/html; charset=utf-8,,,HTTP仅访问检查，非事实核验；403/401可能反爬，404应修复原引用
https://www.aramco.com/en/news-media/news/2018/2017-annual-review,2026-09-30,200,https://www.aramco.com/en/news-media/news/2018/2017-annual-review,526414,text/html; charset=utf-8,,,HTTP仅访问检查，非事实核验；403/401可能反爬，404应修复原引用
https://www.aramco.com/en/news-media/news/2019/aramco-contracts-marjan-berri-oilfields,2026-09-30,200,https://www.aramco.com/en/news-media/news/2019/aramco-contracts-marjan-berri-oilfields,508152,text/html; charset=utf-8,,,HTTP仅访问检查，非事实核验；403/401可能反爬，404应修复原引用
https://www.aramco.com/en/news-media/news/2020/saudi-aramco-announces-new-oil-and-gas-discoveries,2026-09-30,404,https://www.aramco.com/en/news-media/news/2020/saudi-aramco-announces-new-oil-and-gas-discoveries,429365,text/html; charset=utf-8,,,HTTP仅访问检查，非事实核验；403/401可能反爬，404应修复原引用
https://www.aramco.com/en/news-media/news/2026/aramcos-gas-strategy-builds-momentum-with-major-progress-towards-growth-target,2026-09-30,200,https://www.aramco.com/en/news-media/news/2026/aramcos-gas-strategy-builds-momentum-with-major-progress-towards-growth-target,507475,text/html; charset=utf-8,,,HTTP仅访问检查，非事实核验；403/401可能反爬，404应修复原引用
https://www.bapco.net/en/page/crude-and-petroleum-products,2026-09-30,200,https://www.bapco.net/en/page/crude-and-petroleum-products,59274,text/html; charset=utf-8,,,HTTP仅访问检查，非事实核验；403/401可能反爬，404应修复原引用
https://www.bp.com.cn/zh_cn/china/home/news/press-releases/news-05-17-2017.html,2026-09-30,200,https://www.bp.com.cn/zh_cn/china/home/news/press-releases/news-05-17-2017.html,69950,text/html; charset=UTF-8,75962af012f4ecde1d7e2a50f9832d74fabbcc549464344707a554011389febc,,HTTP仅访问检查，非事实核验；403/401可能反爬，404应修复原引用
https://www.calvalleypetroleum.com/current-production/,2026-09-30,200,https://www.calvalleypetroleum.com/current-production/,119191,text/html; charset=UTF-8,,,HTTP仅访问检查，非事实核验；403/401可能反爬，404应修复原引用
https://www.cts-co.net/adocauh/product/,2026-09-30,200,https://www.cts-co.net/adocauh/product/,16859,text/html; charset=UTF-8,,,HTTP仅访问检查，非事实核验；403/401可能反爬，404应修复原引用
https://www.dno.no/en/investors/announcements/dno-asa-yemen-operations-update/,2026-09-30,403,https://www.dno.no/en/investors/announcements/dno-asa-yemen-operations-update/,2978,text/html; charset=UTF-8,,,HTTP仅访问检查，非事实核验；403/401可能反爬，404应修复原引用
https://www.dno.no/en/operations/kurdistan-region-of-iraq/,2026-09-30,403,https://www.dno.no/en/operations/kurdistan-region-of-iraq/,2978,text/html; charset=UTF-8,,,HTTP仅访问检查，非事实核验；403/401可能反爬，404应修复原引用
https://www.dno.no/media/ezuglbal/q2-2026-interim-results-report.pdf,2026-09-30,403,https://www.dno.no/media/ezuglbal/q2-2026-interim-results-report.pdf,2040,text/html; charset=UTF-8,6bdf0658bca8753d81ffd39fb929ad5bbccff3c679622e0054f73e5f452dac01,,HTTP仅访问检查，非事实核验；403/401可能反爬，404应修复原引用
https://www.dubaipetroleum.ae/about-us/oil-and-gas-assets/,2026-09-30,200,https://www.dubaipetroleum.ae/about-us/oil-and-gas-assets/,49290,text/html; charset=UTF-8,,,HTTP仅访问检查，非事实核验；403/401可能反爬，404应修复原引用
https://www.dusup.ae/supply-operations/margham-gas-plant/,2026-09-30,403,https://www.dusup.ae/supply-operations/margham-gas-plant/,795,text/html,57559551c35735c4acd1ede5a7d3df31a3f9b55acc087fdbb0811813b13d63d3,,HTTP仅访问检查，非事实核验；403/401可能反爬，404应修复原引用
https://www.egypttoday.com/Article/3/143692/El-Sisi-ratifies-law-on-oil-exploration-and-development-in,2026-09-30,403,https://www.egypttoday.com/Article/3/143692/El-Sisi-ratifies-law-on-oil-exploration-and-development-in,6274,text/html; charset=UTF-8,,,HTTP仅访问检查，非事实核验；403/401可能反爬，404应修复原引用
https://www.eia.gov/international/analysis/country/SAU,2026-09-30,200,https://www.eia.gov/international/analysis/country/SAU,98546,text/html; charset=UTF-8,,,HTTP仅访问检查，非事实核验；403/401可能反爬，404应修复原引用
https://www.eia.gov/international/analysis/country/irq,2026-09-30,200,https://www.eia.gov/international/analysis/country/irq,98546,text/html; charset=UTF-8,,,HTTP仅访问检查，非事实核验；403/401可能反爬，404应修复原引用
https://www.eia.gov/international/content/analysis/countries_long/Iran/pdf/Iran%20CAB%202024.pdf,2026-09-30,200,https://www.eia.gov/international/content/analysis/countries_long/Iran/pdf/Iran%20CAB%202024.pdf,853162,application/pdf,e1d6573f9fd956870b4b4ec58d9f04e2babe6552de955c5f03aac620c00684a0,,HTTP仅访问检查，非事实核验；403/401可能反爬，404应修复原引用
https://www.eia.gov/international/content/analysis/countries_long/Yemen/yemen.pdf,2026-09-30,200,https://www.eia.gov/international/content/analysis/countries_long/Yemen/yemen.pdf,658561,application/pdf,33cca2c4e309bb1cc5e2f3bc85c8bc0ae3fbfff2d6e3aa98b97a3b60f613f8ad,,HTTP仅访问检查，非事实核验；403/401可能反爬，404应修复原引用
https://www.eni.com/en-IT/actions/global-activities/egypt.html,2026-09-30,200,https://www.eni.com/en-IT/actions/global-activities/egypt.html,439554,text/html;charset=utf-8,c2f7c592f3063dfa150a1e2a9ec502990e924355a26fb0675b964ecb2d5ab449,,HTTP仅访问检查，非事实核验；403/401可能反爬，404应修复原引用
https://www.gem.wiki/Abu_Butabul_Oil_and_Gas_Field_%28Oman%29,2026-09-30,200,https://www.gem.wiki/Abu_Butabul_Oil_and_Gas_Field_%28Oman%29,49733,text/html; charset=UTF-8,,,HTTP仅访问检查，非事实核验；403/401可能反爬，404应修复原引用
https://www.gem.wiki/Abu_Gharb_Oil_Field_(Iraq),2026-09-30,200,https://www.gem.wiki/Abu_Gharb_Oil_Field_(Iraq),48333,text/html; charset=UTF-8,,,HTTP仅访问检查，非事实核验；403/401可能反爬，404应修复原引用
https://www.gem.wiki/Abu_Hadriya_Oil_Field_%28Saudi_Arabia%29,2026-09-30,200,https://www.gem.wiki/Abu_Hadriya_Oil_Field_%28Saudi_Arabia%29,46693,text/html; charset=UTF-8,,,HTTP仅访问检查，非事实核验；403/401可能反爬，404应修复原引用
https://www.gem.wiki/Abu_Jifan_Oil_and_Gas_Field_%28Saudi_Arabia%29,2026-09-30,200,https://www.gem.wiki/Abu_Jifan_Oil_and_Gas_Field_%28Saudi_Arabia%29,48912,text/html; charset=UTF-8,,,HTTP仅访问检查，非事实核验；403/401可能反爬，404应修复原引用
https://www.gem.wiki/Abuzar_Oil_Field_(Iran),2026-09-30,200,https://www.gem.wiki/Abuzar_Oil_Field_(Iran),56029,text/html; charset=UTF-8,,,HTTP仅访问检查，非事实核验；403/401可能反爬，404应修复原引用
https://www.gem.wiki/Aghajari_Oil_Field_(Iran),2026-09-30,200,https://www.gem.wiki/Aghajari_Oil_Field_(Iran),58772,text/html; charset=UTF-8,,,HTTP仅访问检查，非事实核验；403/401可能反爬，404应修复原引用
https://www.gem.wiki/Ajeel_Oil_and_Gas_Field_%28Iraq%29,2026-09-30,200,https://www.gem.wiki/Ajeel_Oil_and_Gas_Field_%28Iraq%29,48545,text/html; charset=UTF-8,,,HTTP仅访问检查，非事实核验；403/401可能反爬，404应修复原引用
https://www.gem.wiki/Al_Rayyan_Oil_and_Gas_Field_%28Qatar%29,2026-09-30,200,https://www.gem.wiki/Al_Rayyan_Oil_and_Gas_Field_%28Qatar%29,46180,text/html; charset=UTF-8,,,HTTP仅访问检查，非事实核验；403/401可能反爬，404应修复原引用
https://www.gem.wiki/Amara_Oil_and_Gas_Field_%28Iraq%29,2026-09-30,200,https://www.gem.wiki/Amara_Oil_and_Gas_Field_%28Iraq%29,49638,text/html; charset=UTF-8,,,HTTP仅访问检查，非事实核验；403/401可能反爬，404应修复原引用
https://www.gem.wiki/Azadegan_South_Oil_Field_(Iran),2026-09-30,200,https://www.gem.wiki/Azadegan_South_Oil_Field_(Iran),53992,text/html; charset=UTF-8,,,HTTP仅访问检查，非事实核验；403/401可能反爬，404应修复原引用
https://www.gem.wiki/Bahregansar_Oil_Field_(Iran),2026-09-30,200,https://www.gem.wiki/Bahregansar_Oil_Field_(Iran),39047,text/html; charset=UTF-8,,,HTTP仅访问检查，非事实核验；403/401可能反爬，404应修复原引用
https://www.gem.wiki/Bazerkan_Oil_Field_(Iraq),2026-09-30,200,https://www.gem.wiki/Bazerkan_Oil_Field_(Iraq),46500,text/html; charset=UTF-8,,,HTTP仅访问检查，非事实核验；403/401可能反爬，404应修复原引用
https://www.gem.wiki/Belayim_Marine_%26_Belayim_Land_Oil_Project_(Egypt),2026-09-30,200,https://www.gem.wiki/Belayim_Marine_%26_Belayim_Land_Oil_Project_(Egypt),53212,text/html; charset=UTF-8,,,HTTP仅访问检查，非事实核验；403/401可能反爬，404应修复原引用
https://www.gem.wiki/Belayim_Marine_Oil_and_Gas_Field_%28Egypt%29,2026-09-30,200,https://www.gem.wiki/Belayim_Marine_Oil_and_Gas_Field_%28Egypt%29,65420,text/html; charset=UTF-8,,,HTTP仅访问检查，非事实核验；403/401可能反爬，404应修复原引用
https://www.gem.wiki/Bibi_Hakimeh_Oil_Field_(Iran),2026-09-30,200,https://www.gem.wiki/Bibi_Hakimeh_Oil_Field_(Iran),54666,text/html; charset=UTF-8,,,HTTP仅访问检查，非事实核验；403/401可能反爬，404应修复原引用
https://www.gem.wiki/Bisat_Oil_Field_%28Oman%29,2026-09-30,200,https://www.gem.wiki/Bisat_Oil_Field_%28Oman%29,46320,text/html; charset=UTF-8,,,HTTP仅访问检查，非事实核验；403/401可能反爬，404应修复原引用
https://www.gem.wiki/Changuleh_Oil_Field_%28Iran%29,2026-09-30,200,https://www.gem.wiki/Changuleh_Oil_Field_%28Iran%29,50334,text/html; charset=UTF-8,,,HTTP仅访问检查，非事实核验；403/401可能反爬，404应修复原引用
https://www.gem.wiki/Cheshmeh-Khosh_Oil_Field_%28Iran%29,2026-09-30,200,https://www.gem.wiki/Cheshmeh-Khosh_Oil_Field_%28Iran%29,53740,text/html; charset=UTF-8,,,HTTP仅访问检查，非事实核验；403/401可能反爬，404应修复原引用
https://www.gem.wiki/Dalpari_Oil_Field_%28Iran%29,2026-09-30,200,https://www.gem.wiki/Dalpari_Oil_Field_%28Iran%29,48402,text/html; charset=UTF-8,,,HTTP仅访问检查，非事实核验；403/401可能反爬，404应修复原引用
https://www.gem.wiki/Danan_Oil_Field_%28Iran%29,2026-09-30,200,https://www.gem.wiki/Danan_Oil_Field_%28Iran%29,51662,text/html; charset=UTF-8,,,HTTP仅访问检查，非事实核验；403/401可能反爬，404应修复原引用
https://www.gem.wiki/Dehloran_Oil_Field_(Iran),2026-09-30,200,https://www.gem.wiki/Dehloran_Oil_Field_(Iran),50752,text/html; charset=UTF-8,,,HTTP仅访问检查，非事实核验；403/401可能反爬，404应修复原引用
https://www.gem.wiki/Eridu_Oil_Field_%28Iraq%29,2026-09-30,200,https://www.gem.wiki/Eridu_Oil_Field_%28Iraq%29,43538,text/html; charset=UTF-8,,,HTTP仅访问检查，非事实核验；403/401可能反爬，404应修复原引用
https://www.gem.wiki/Fadhili_Oil_Field_%28Saudi_Arabia%29,2026-09-30,200,https://www.gem.wiki/Fadhili_Oil_Field_%28Saudi_Arabia%29,46205,text/html; charset=UTF-8,,,HTTP仅访问检查，非事实核验；403/401可能反爬，404应修复原引用
https://www.gem.wiki/Fadhili_Oil_Field_(Saudi_Arabia),2026-09-30,200,https://www.gem.wiki/Fadhili_Oil_Field_(Saudi_Arabia),46201,text/html; charset=UTF-8,,,HTTP仅访问检查，非事实核验；403/401可能反爬，404应修复原引用
https://www.gem.wiki/Fakkah_Oil_Field_(Iraq),2026-09-30,200,https://www.gem.wiki/Fakkah_Oil_Field_(Iraq),47609,text/html; charset=UTF-8,,,HTTP仅访问检查，非事实核验；403/401可能反爬，404应修复原引用
https://www.gem.wiki/Gachsaran_Oil_and_Gas_Field_(Iran),2026-09-30,200,https://www.gem.wiki/Gachsaran_Oil_and_Gas_Field_(Iran),60411,text/html; charset=UTF-8,,,HTTP仅访问检查，非事实核验；403/401可能反爬，404应修复原引用
https://www.gem.wiki/Ghazeer_%28Khazzan_Phase_2%29_Oil_and_Gas_Field_%28Oman%29,2026-09-30,200,https://www.gem.wiki/Ghazeer_%28Khazzan_Phase_2%29_Oil_and_Gas_Field_%28Oman%29,51308,text/html; charset=UTF-8,,,HTTP仅访问检查，非事实核验；403/401可能反爬，404应修复原引用
https://www.gem.wiki/Hail_Oil_Field_%28United_Arab_Emirates%29,2026-09-30,200,https://www.gem.wiki/Hail_Oil_Field_%28United_Arab_Emirates%29,52780,text/html; charset=UTF-8,,,HTTP仅访问检查，非事实核验；403/401可能反爬，404应修复原引用
https://www.gem.wiki/Harmaliyah_Oil_and_Gas_Field_%28Saudi_Arabia%29,2026-09-30,200,https://www.gem.wiki/Harmaliyah_Oil_and_Gas_Field_%28Saudi_Arabia%29,47300,text/html; charset=UTF-8,,,HTTP仅访问检查，非事实核验；403/401可能反爬，404应修复原引用
https://www.gem.wiki/Harmaliyah_Oil_and_Gas_Field_(Saudi_Arabia),2026-09-30,200,https://www.gem.wiki/Harmaliyah_Oil_and_Gas_Field_(Saudi_Arabia),47304,text/html; charset=UTF-8,,,HTTP仅访问检查，非事实核验；403/401可能反爬，404应修复原引用
https://www.gem.wiki/Hengam_Oil_and_Gas_Field_%28Iran%29,2026-09-30,200,https://www.gem.wiki/Hengam_Oil_and_Gas_Field_%28Iran%29,49408,text/html; charset=UTF-8,,,HTTP仅访问检查，非事实核验；403/401可能反爬，404应修复原引用
https://www.gem.wiki/Hengam_Oil_and_Gas_Field_(Iran),2026-09-30,200,https://www.gem.wiki/Hengam_Oil_and_Gas_Field_(Iran),49408,text/html; charset=UTF-8,,,HTTP仅访问检查，非事实核验；403/401可能反爬，404应修复原引用
https://www.gem.wiki/Julaiah_Oil_and_Gas_Field_%28Kuwait%29,2026-09-30,200,https://www.gem.wiki/Julaiah_Oil_and_Gas_Field_%28Kuwait%29,40469,text/html; charset=UTF-8,,,HTTP仅访问检查，非事实核验；403/401可能反爬，404应修复原引用
https://www.gem.wiki/Kahaif_Oil_and_Gas_Field_%28United_Arab_Emirates%29,2026-09-30,200,https://www.gem.wiki/Kahaif_Oil_and_Gas_Field_%28United_Arab_Emirates%29,46011,text/html; charset=UTF-8,,,HTTP仅访问检查，非事实核验；403/401可能反爬，404应修复原引用
https://www.gem.wiki/Karanj_Oil_Field_(Iran),2026-09-30,200,https://www.gem.wiki/Karanj_Oil_Field_(Iran),53215,text/html; charset=UTF-8,,,HTTP仅访问检查，非事实核验；403/401可能反爬，404应修复原引用
https://www.gem.wiki/Khamilah_Oil_Field_%28Oman%29,2026-09-30,200,https://www.gem.wiki/Khamilah_Oil_Field_%28Oman%29,54685,text/html; charset=UTF-8,,,HTTP仅访问检查，非事实核验；403/401可能反爬，404应修复原引用
https://www.gem.wiki/Khanah_Oil_Field_%28Iraq%29,2026-09-30,200,https://www.gem.wiki/Khanah_Oil_Field_%28Iraq%29,57823,text/html; charset=UTF-8,,,HTTP仅访问检查，非事实核验；403/401可能反爬，404应修复原引用
https://www.gem.wiki/Khazzan_Oil_and_Gas_Complex_%28Oman%29,2026-09-30,200,https://www.gem.wiki/Khazzan_Oil_and_Gas_Complex_%28Oman%29,47981,text/html; charset=UTF-8,,,HTTP仅访问检查，非事实核验；403/401可能反爬，404应修复原引用
https://www.gem.wiki/Khazzan_Phase_1_Oil_and_Gas_Field_%28Oman%29,2026-09-30,200,https://www.gem.wiki/Khazzan_Phase_1_Oil_and_Gas_Field_%28Oman%29,57304,text/html; charset=UTF-8,,,HTTP仅访问检查，非事实核验；403/401可能反爬，404应修复原引用
https://www.gem.wiki/Kupal_Oil_Field_(Iran),2026-09-30,200,https://www.gem.wiki/Kupal_Oil_Field_(Iran),55291,text/html; charset=UTF-8,,,HTTP仅访问检查，非事实核验；403/401可能反爬，404应修复原引用
https://www.gem.wiki/Mansouri_Oil_Field_(Iran),2026-09-30,200,https://www.gem.wiki/Mansouri_Oil_Field_(Iran),55464,text/html; charset=UTF-8,,,HTTP仅访问检查，非事实核验；403/401可能反爬，404应修复原引用
https://www.gem.wiki/Marun_Oil_Field_(Iran),2026-09-30,200,https://www.gem.wiki/Marun_Oil_Field_(Iran),56236,text/html; charset=UTF-8,,,HTTP仅访问检查，非事实核验；403/401可能反爬，404应修复原引用
https://www.gem.wiki/Masjed_Soleyman_Oil_Field_(Iran),2026-09-30,200,https://www.gem.wiki/Masjed_Soleyman_Oil_Field_(Iran),47481,text/html; charset=UTF-8,,,HTTP仅访问检查，非事实核验；403/401可能反爬，404应修复原引用
https://www.gem.wiki/Mazalij_Oil_and_Gas_Field_%28Saudi_Arabia%29,2026-09-30,200,https://www.gem.wiki/Mazalij_Oil_and_Gas_Field_%28Saudi_Arabia%29,48806,text/html; charset=UTF-8,,,HTTP仅访问检查，非事实核验；403/401可能反爬，404应修复原引用
https://www.gem.wiki/Nargesi_Oil_Field_(Iran),2026-09-30,200,https://www.gem.wiki/Nargesi_Oil_Field_(Iran),47538,text/html; charset=UTF-8,,,HTTP仅访问检查，非事实核验；403/401可能反爬，404应修复原引用
https://www.gem.wiki/Nokhetha_Oil_and_Gas_Field_%28Kuwait%29,2026-09-30,200,https://www.gem.wiki/Nokhetha_Oil_and_Gas_Field_%28Kuwait%29,47505,text/html; charset=UTF-8,,,HTTP仅访问检查，非事实核验；403/401可能反爬，404应修复原引用
https://www.gem.wiki/Noor_Oil_and_Gas_Field_%28Iraq%29,2026-09-30,200,https://www.gem.wiki/Noor_Oil_and_Gas_Field_%28Iraq%29,50038,text/html; charset=UTF-8,,,HTTP仅访问检查，非事实核验；403/401可能反爬，404应修复原引用
https://www.gem.wiki/Paranj_Oil_Field_(Iran),2026-09-30,200,https://www.gem.wiki/Paranj_Oil_Field_(Iran),48372,text/html; charset=UTF-8,,,HTTP仅访问检查，非事实核验；403/401可能反爬，404应修复原引用
https://www.gem.wiki/Parsi_Oil_Field_(Iran),2026-09-30,200,https://www.gem.wiki/Parsi_Oil_Field_(Iran),51150,text/html; charset=UTF-8,,,HTTP仅访问检查，非事实核验；403/401可能反爬，404应修复原引用
https://www.gem.wiki/Paydar_West_Oil_and_Gas_Field_%28Iran%29,2026-09-30,200,https://www.gem.wiki/Paydar_West_Oil_and_Gas_Field_%28Iran%29,48700,text/html; charset=UTF-8,,,HTTP仅访问检查，非事实核验；403/401可能反爬，404应修复原引用
https://www.gem.wiki/Pazanan_Oil_Field_(Iran),2026-09-30,200,https://www.gem.wiki/Pazanan_Oil_Field_(Iran),52297,text/html; charset=UTF-8,,,HTTP仅访问检查，非事实核验；403/401可能反爬，404应修复原引用
https://www.gem.wiki/Ras_Budran_Oil_and_Gas_Field_%28Egypt%29,2026-09-30,200,https://www.gem.wiki/Ras_Budran_Oil_and_Gas_Field_%28Egypt%29,48686,text/html; charset=UTF-8,,,HTTP仅访问检查，非事实核验；403/401可能反爬，404应修复原引用
https://www.gem.wiki/Safah/Wadi_Latham_Oil_and_Gas_Field_%28Oman%29,2026-09-30,200,https://www.gem.wiki/Safah/Wadi_Latham_Oil_and_Gas_Field_%28Oman%29,58501,text/html; charset=UTF-8,,,HTTP仅访问检查，非事实核验；403/401可能反爬，404应修复原引用
https://www.gem.wiki/Sajaa_Oil_and_Gas_Field_%28United_Arab_Emirates%29,2026-09-30,200,https://www.gem.wiki/Sajaa_Oil_and_Gas_Field_%28United_Arab_Emirates%29,48106,text/html; charset=UTF-8,,,HTTP仅访问检查，非事实核验；403/401可能反爬，404应修复原引用
https://www.gem.wiki/Saleh%E2%80%93Ras_al-Khaimah_gas_pipeline,2026-09-30,200,https://www.gem.wiki/Saleh%E2%80%93Ras_al-Khaimah_gas_pipeline,36533,text/html; charset=UTF-8,,,HTTP仅访问检查，非事实核验；403/401可能反爬，404应修复原引用
https://www.gem.wiki/Sarta_Oil_and_Gas_Field_%28Iraq%29,2026-09-30,200,https://www.gem.wiki/Sarta_Oil_and_Gas_Field_%28Iraq%29,43209,text/html; charset=UTF-8,,,HTTP仅访问检查，非事实核验；403/401可能反爬，404应修复原引用
https://www.gem.wiki/Sepehr-Jufair_Oil_Field_(Iran),2026-09-30,200,https://www.gem.wiki/Sepehr-Jufair_Oil_Field_(Iran),43198,text/html; charset=UTF-8,,,HTTP仅访问检查，非事实核验；403/401可能反爬，404应修复原引用
https://www.gem.wiki/Sirri_E_Oil_and_Gas_Field_(Iran),2026-09-30,200,https://www.gem.wiki/Sirri_E_Oil_and_Gas_Field_(Iran),51484,text/html; charset=UTF-8,,,HTTP仅访问检查，非事实核验；403/401可能反爬，404应修复原引用
https://www.gem.wiki/Umm_Al_Qaiwain_%28UAQ%29_Gas_Field_%28United_Arab_Emirates%29,2026-09-30,200,https://www.gem.wiki/Umm_Al_Qaiwain_%28UAQ%29_Gas_Field_%28United_Arab_Emirates%29,55408,text/html; charset=UTF-8,,,HTTP仅访问检查，非事实核验；403/401可能反爬，404应修复原引用
https://www.gem.wiki/Ward_Oil_Field_(Syria),2026-09-30,200,https://www.gem.wiki/Ward_Oil_Field_(Syria),44297,text/html; charset=UTF-8,,,HTTP仅访问检查，非事实核验；403/401可能反爬，404应修复原引用
https://www.gem.wiki/Yibal_Oil_and_Gas_Field_(Oman),2026-09-30,200,https://www.gem.wiki/Yibal_Oil_and_Gas_Field_(Oman),55089,text/html; charset=UTF-8,,,HTTP仅访问检查，非事实核验；403/401可能反爬，404应修复原引用
https://www.gem.wiki/Zeit_Bay_Oil_and_Gas_Field_%28Egypt%29,2026-09-30,200,https://www.gem.wiki/Zeit_Bay_Oil_and_Gas_Field_%28Egypt%29,46860,text/html; charset=UTF-8,,,HTTP仅访问检查，非事实核验；403/401可能反爬，404应修复原引用
https://www.geonames.org/11864188/safah-oil-field.html,2026-09-30,200,https://www.geonames.org/11864188/safah-oil-field.html,172930,text/html; charset=utf-8,,,HTTP仅访问检查，非事实核验；403/401可能反爬，404应修复原引用
https://www.geonames.org/285913/kra-al-maru.html,2026-09-30,200,https://www.geonames.org/285913/kra-al-maru.html,178273,text/html; charset=utf-8,,,HTTP仅访问检查，非事实核验；403/401可能反爬，404应修复原引用
https://www.geonames.org/387923/shaib-abu-shaham.html,2026-09-30,200,https://www.geonames.org/387923/shaib-abu-shaham.html,176344,text/html; charset=utf-8,,,HTTP仅访问检查，非事实核验；403/401可能反爬，404应修复原引用
https://www.givot.co.il/en/,2026-09-30,200,https://www.givot.co.il/en/,98807,text/html; charset=UTF-8,,,HTTP仅访问检查，非事实核验；403/401可能反爬，404应修复原引用
https://www.gulfkeystone.com/2026-half-year-results-announcement/,2026-09-30,200,https://www.gulfkeystone.com/2026-half-year-results-announcement/,85011,text/html; charset=UTF-8,,,HTTP仅访问检查，非事实核验；403/401可能反爬，404应修复原引用
https://www.hknenergy.com/,2026-09-30,403,https://www.hknenergy.com/,5495,text/html; charset=UTF-8,,,HTTP仅访问检查，非事实核验；403/401可能反爬，404应修复原引用
https://www.inpex.com/english/news/english/news/assets/pdf/e20141017.pdf,2026-09-30,200,https://www.inpex.com/english/news/english/news/assets/pdf/e20141017.pdf,86070,application/pdf,155a7e0bac4ee2499207e6ab1caa699f460d906aeb3e972fb109e1ac92d0dbd3,,HTTP仅访问检查，非事实核验；403/401可能反爬，404应修复原引用
https://www.inpex.com/english/news/english/news/assets/pdf/e20150205.pdf,2026-09-30,200,https://www.inpex.com/english/news/english/news/assets/pdf/e20150205.pdf,86393,application/pdf,1d64785c24cbcb643987b6dfc982ac46dd9530f65236e46bf8feba91333559c6,,HTTP仅访问检查，非事实核验；403/401可能反爬，404应修复原引用
https://www.iranoilgas.com/fields/details.aspx?id=1063,2026-09-30,200,https://www.iranoilgas.com/fields/,39627,text/html; charset=utf-8,,,HTTP仅访问检查，非事实核验；403/401可能反爬，404应修复原引用
https://www.iranoilgas.com/fields/details.aspx?id=1089,2026-09-30,200,https://www.iranoilgas.com/fields/details.aspx?id=1089,50960,text/html; charset=utf-8,,,HTTP仅访问检查，非事实核验；403/401可能反爬，404应修复原引用
https://www.iranoilgas.com/trackers/?view=fieldstrackers,2026-09-30,200,https://www.iranoilgas.com/trackers/?view=fieldstrackers,43885,text/html; charset=utf-8,,,HTTP仅访问检查，非事实核验；403/401可能反爬，404应修复原引用
https://www.iraqinews.com/iraq/iraq-to-raise-west-qurna-1s-output-to-670000-bpd-in-2026/,2026-09-30,200,https://www.iraqinews.com/iraq/iraq-to-raise-west-qurna-1s-output-to-670000-bpd-in-2026/,189090,text/html; charset=UTF-8,,,HTTP仅访问检查，非事实核验；403/401可能反爬，404应修复原引用
https://www.jhocyemen.com/our-operations/,2026-09-30,200,https://www.jhocyemen.com/our-operations/,95560,text/html; charset=UTF-8,,,HTTP仅访问检查，非事实核验；403/401可能反爬，404应修复原引用
https://www.kockw.com/sites/EN/Annual%20Reports/2023%20-%202024%20English.pdf,2026-09-30,404,https://www.kockw.com/sites/EN/Annual%20Reports/2023%20-%202024%20English.pdf,743,text/html,,,HTTP仅访问检查，非事实核验；403/401可能反爬，404应修复原引用
https://www.kockw.com/sites/EN/Annual%20Reports/2024-2025%20English.pdf,2026-09-30,200,https://www.kockw.com/sites/EN/Annual%20Reports/2024-2025%20English.pdf,3895544,application/pdf,7bb17bdf69ea5cf7a5e03a0487e16c6e586338ee9053d1122ed89c81690250c8,,HTTP仅访问检查，非事实核验；403/401可能反爬，404应修复原引用
https://www.kockw.com/sites/EN/EMagazine/Pages/Events/1032.aspx,2026-09-30,200,https://www.kockw.com/sites/EN/EMagazine/Pages/Events/1032.aspx,39100,text/html; charset=utf-8,,,HTTP仅访问检查，非事实核验；403/401可能反爬，404应修复原引用
https://www.kockw.com/sites/EN/Pages/Profile/WhatWeDo/OilFields.aspx,2026-09-30,404,https://www.kockw.com/sites/EN/Pages/Profile/WhatWeDo/OilFields.aspx,724,text/html; charset=utf-8,,,HTTP仅访问检查，非事实核验；403/401可能反爬，404应修复原引用
https://www.kockw.com/sites/EN/Pages/Profile/whoAreWe/KOC-History.aspx,2026-09-30,200,https://www.kockw.com/sites/EN/Pages/Profile/whoAreWe/KOC-History.aspx,44829,text/html; charset=utf-8,,,HTTP仅访问检查，非事实核验；403/401可能反爬，404应修复原引用
https://www.lemonde.fr/en/economy/article/2026/02/22/the-syrian-oil-sector-s-year-zero_6750756_19.html,2026-09-30,200,https://www.lemonde.fr/en/economy/article/2026/02/22/the-syrian-oil-sector-s-year-zero_6750756_19.html,3038,text/html; charset=utf-8,,,HTTP仅访问检查，非事实核验；403/401可能反爬，404应修复原引用
https://www.linkedin.com/company/mogdc,2026-09-30,200,https://www.linkedin.com/company/mogdc,269613,text/html; charset=utf-8,,,HTTP仅访问检查，非事实核验；403/401可能反爬，404应修复原引用
https://www.linkedin.com/posts/mapna-ogdc_%D9%85%D9%BE%D9%86%D8%A7-%D8%B5%D9%86%D8%B9%D8%AA%D9%86%D9%81%D8%AA-%D8%AA%D9%88%D8%B3%D8%B9%D9%87%D9%86%D8%AA%D9%88%DA%AF%D8%A7%D8%B2-activity-7303067532536500224-s-7Y,2026-09-30,404,https://www.linkedin.com/posts/mapna-ogdc_%D9%85%D9%BE%D9%86%D8%A7-%D8%B5%D9%86%D8%B9%D8%AA%D9%86%D9%81%D8%AA-%D8%AA%D9%88%D8%B3%D8%B9%D9%87%D9%86%D8%AA%D9%88%DA%AF%D8%A7%D8%B2-activity-7303067532536500224-s-7Y,319687,text/html,,,HTTP仅访问检查，非事实核验；403/401可能反爬，404应修复原引用
https://www.linkedin.com/posts/rakpa_collaboration-adipec2024-rakpa-activity-7259475442305286144-qSf6,2026-09-30,200,https://www.linkedin.com/posts/rakpa_collaboration-adipec2024-rakpa-activity-7259475442305286144-qSf6,177239,text/html; charset=utf-8,,,HTTP仅访问检查，非事实核验；403/401可能反爬，404应修复原引用
https://www.masirahoil.om/post/production-update-march-2026,2026-09-30,200,https://www.masirahoil.om/post/production-update-march-2026,685513,text/html; charset=UTF-8,,,HTTP仅访问检查，非事实核验；403/401可能反爬，404应修复原引用
https://www.nmdc-energy.com/assets/files/earnings-results/NMDC%20Energy%20FY25%20Results%20Conference%20Call%20020426%20final.pdf,2026-09-30,200,https://www.nmdc-energy.com/assets/files/earnings-results/NMDC%20Energy%20FY25%20Results%20Conference%20Call%20020426%20final.pdf,246293,application/pdf,f9be24bad8b296d2719829c27962f21dd6144c40acecf29208743a55d054b441,,HTTP仅访问检查，非事实核验；403/401可能反爬，404应修复原引用
https://www.offshore-technology.com/marketdata/oil-gas-field-profile-hawtah-trend-fields-conventional-oil-field-saudi-arabia/,2026-09-30,200,https://www.offshore-technology.com/marketdata/oil-gas-field-profile-hawtah-trend-fields-conventional-oil-field-saudi-arabia/,267171,text/html; charset=UTF-8,,,HTTP仅访问检查，非事实核验；403/401可能反爬，404应修复原引用
https://www.oqep.om/operation,2026-09-30,200,https://www.oqep.om/operation,455468,text/html; charset=utf-8,,,HTTP仅访问检查，非事实核验；403/401可能反爬，404应修复原引用
https://www.oxy.com/operations/performance-production/,2026-09-30,200,https://www.oxy.com/operations/performance-production/,67368,text/html; charset=utf-8,,,HTTP仅访问检查，非事实核验；403/401可能反爬，404应修复原引用
https://www.pdo.co.om/en/PDOSERVICES/Sustainability%20Report%202024%20English.pdf,2026-09-30,502,https://www.pdo.co.om/en/PDOSERVICES/Sustainability%20Report%202024%20English.pdf,185,text/html,,,HTTP仅访问检查，非事实核验；403/401可能反爬，404应修复原引用
https://www.pdo.co.om/en/Pages/WhoWeAre/OurJourney.aspx,2026-09-30,502,https://www.pdo.co.om/en/Pages/WhoWeAre/OurJourney.aspx,185,text/html,,,HTTP仅访问检查，非事实核验；403/401可能反爬，404应修复原引用
https://www.pepaye.com/page/67,2026-09-30,200,https://www.pepaye.com/page/67,27934,text/html; charset=UTF-8,,,HTTP仅访问检查，非事实核验；403/401可能反爬，404应修复原引用
https://www.petronas.com/partner-us/pcihbv-contract-plan,2026-09-30,200,https://www.petronas.com/partner-us/pcihbv-contract-plan,50212,text/html; charset=UTF-8,,,HTTP仅访问检查，非事实核验；403/401可能反爬，404应修复原引用
https://www.petsec.com.au/operations/yemen-leases/,2026-09-30,200,https://www.petsec.com.au/operations/yemen-leases/,38955,text/html; charset=UTF-8,,,HTTP仅访问检查，非事实核验；403/401可能反爬，404应修复原引用
https://www.qatarenergy.qa/en/MediaCenter/Publications/QatarEnergy_Investors_Presentation_November_2025.pdf,2026-09-30,200,https://www.qatarenergy.qa/en/MediaCenter/Publications/QatarEnergy_Investors_Presentation_November_2025.pdf,5032257,application/pdf,c548d703dc46dfb89e7453e8c02aa20d43b6601bee164afe2c5d97da0e983f8a,,HTTP仅访问检查，非事实核验；403/401可能反爬，404应修复原引用
https://www.qatarenergy.qa/en/WhatWeDo/Pages/ExplorationandProduction.aspx,2026-09-30,200,https://www.qatarenergy.qa/en/WhatWeDo/Pages/ExplorationandProduction.aspx,97297,text/html; charset=utf-8,,,HTTP仅访问检查，非事实核验；403/401可能反爬，404应修复原引用
https://www.qatarenergy.qa/en/Whatwedo/Pages/ExplorationandProduction.aspx,2026-09-30,200,https://www.qatarenergy.qa/en/Whatwedo/Pages/ExplorationandProduction.aspx,96647,text/html; charset=utf-8,,,HTTP仅访问检查，非事实核验；403/401可能反爬，404应修复原引用
https://www.rakgas.ae/en/who-we-are/our-story,2026-09-30,200,https://www.rakgas.ae/en/who-we-are/our-story,45942,text/html; charset=utf-8,,,HTTP仅访问检查，非事实核验；403/401可能反爬，404应修复原引用
https://www.researchgate.net/publication/342262683,2026-09-30,403,https://www.researchgate.net/publication/342262683,21126,text/html; charset=UTF-8,,,HTTP仅访问检查，非事实核验；403/401可能反爬，404应修复原引用
https://www.reuters.com/business/energy/energean-invest-12-bln-develop-israel-katlan-gas-project-2024-07-23/,2026-09-30,401,https://www.reuters.com/business/energy/energean-invest-12-bln-develop-israel-katlan-gas-project-2024-07-23/,771,text/html;charset=utf-8,,,HTTP仅访问检查，非事实核验；403/401可能反爬，404应修复原引用
https://www.reuters.com/business/energy/saudi-arabia-discovers-14-oil-natural-gas-fields-state-news-agency-says-2025-04-09/,2026-09-30,401,https://www.reuters.com/business/energy/saudi-arabia-discovers-14-oil-natural-gas-fields-state-news-agency-says-2025-04-09/,771,text/html;charset=utf-8,,,HTTP仅访问检查，非事实核验；403/401可能反爬，404应修复原引用
https://www.reuters.com/business/energy/shell-seeks-exit-syrias-al-omar-oilfield-official-says-2026-01-19/,2026-09-30,401,https://www.reuters.com/business/energy/shell-seeks-exit-syrias-al-omar-oilfield-official-says-2026-01-19/,771,text/html;charset=utf-8,,,HTTP仅访问检查，非事实核验；403/401可能反爬，404应修复原引用
https://www.reuters.com/business/energy/uks-energean-posts-higher-half-year-profit-maintains-output-forecast-after-2026-09-09/,2026-09-30,401,https://www.reuters.com/business/energy/uks-energean-posts-higher-half-year-profit-maintains-output-forecast-after-2026-09-09/,771,text/html;charset=utf-8,,,HTTP仅访问检查，非事实核验；403/401可能反爬，404应修复原引用
https://www.reuters.com/world/middle-east/israel-launches-tender-search-more-natural-gas-mediterranean-2026-07-06/,2026-09-30,401,https://www.reuters.com/world/middle-east/israel-launches-tender-search-more-natural-gas-mediterranean-2026-07-06/,771,text/html;charset=utf-8,,,HTTP仅访问检查，非事实核验；403/401可能反爬，404应修复原引用
https://www.reuters.com/world/middle-east/saudi-energy-minister-announces-discovery-multiple-oil-gas-fields-2024-07-01/,2026-09-30,401,https://www.reuters.com/world/middle-east/saudi-energy-minister-announces-discovery-multiple-oil-gas-fields-2024-07-01/,771,text/html;charset=utf-8,,,HTTP仅访问检查，非事实核验；403/401可能反爬，404应修复原引用
https://www.rudaw.net/english/categories/syria/933427,2026-09-30,200,https://www.rudaw.net/english/categories/syria/933427,287210,text/html; charset=utf-8,,,HTTP仅访问检查，非事实核验；403/401可能反爬，404应修复原引用
https://www.sec.gov/Archives/edgar/data/879764/000110465926079516/tm2619405d1_ex99-6.htm,2026-09-30,200,https://www.sec.gov/Archives/edgar/data/879764/000110465926079516/tm2619405d1_ex99-6.htm,12104,text/html,d3eaadd098b87d98583d0537525b379e4033178d2190f070fc61fab2437dd57a,,HTTP仅访问检查，非事实核验；403/401可能反爬，404应修复原引用
https://www.shana.ir/news/156860/,2026-09-30,200,https://www.shana.ir/news/156860/%D8%B3%DA%A9%D9%88%DB%8C-%D9%86%D9%81%D8%AA%DB%8C-%D9%87%D9%86%DA%AF%D8%A7%D9%85-%D9%88-%D8%AA%D8%A3%D8%B3%DB%8C%D8%B3%D8%A7%D8%AA-%D9%86%D9%81%D8%AA%DB%8C-%D9%82%D8%B4%D9%85-%D8%A8%D9%87-%D8%A8%D9%87%D8%B1%D9%87-%D8%A8%D8%B1%D8%AF%D8%A7%D8%B1%DB%8C-%D8%B1%D8%B3%D9%85%DB%8C-%D8%B1%D8%B3%DB%8C%D8%AF,63348,text/html;charset=UTF-8,,,HTTP仅访问检查，非事实核验；403/401可能反爬，404应修复原引用
https://www.snoc.ae/news/snoc-strengthens-sharjahs-energy-security-with-second-well-success-in-hedebah-field/,2026-09-30,200,https://www.snoc.ae/news/snoc-strengthens-sharjahs-energy-security-with-second-well-success-in-hedebah-field/,89035,text/html; charset=UTF-8,c296903baec48623e9b976af5d2b80af21c81e3c9ea7e34de1e335fd6eaebc14,,HTTP仅访问检查，非事实核验；403/401可能反爬，404应修复原引用
https://www.snoc.ae/operations/,2026-09-30,404,https://www.snoc.ae/operations/,49957,text/html; charset=UTF-8,,,HTTP仅访问检查，非事实核验；403/401可能反爬，404应修复原引用
https://www.snoc.ae/our-business/upstream/,2026-09-30,200,https://www.snoc.ae/our-business/upstream/,89023,text/html; charset=UTF-8,,,HTTP仅访问检查，非事实核验；403/401可能反爬，404应修复原引用
https://www.snoc.ae/wp-content/uploads/SNOC-2021-GHG-Report.pdf,2026-09-30,200,https://www.snoc.ae/wp-content/uploads/SNOC-2021-GHG-Report.pdf,774654,application/pdf,250cdef2a2b655e96cdd3c68f6df7640bede43970fa7e83587e00a3e9068e374,,HTTP仅访问检查，非事实核验；403/401可能反爬，404应修复原引用
https://www.spa.gov.sa/N2131725,2026-09-30,403,https://www.spa.gov.sa/N2131725,4556,text/html; charset=UTF-8,,,HTTP仅访问检查，非事实核验；403/401可能反爬，404应修复原引用
https://www.spa.gov.sa/en/N2295070,2026-09-30,403,https://www.spa.gov.sa/en/N2295070,4556,text/html; charset=UTF-8,,,HTTP仅访问检查，非事实核验；403/401可能反爬，404应修复原引用
https://www.tpao.gov.tr/,2026-09-30,418,https://www.tpao.gov.tr/,556,text/html; charset=utf-8,,,HTTP仅访问检查，非事实核验；403/401可能反爬，404应修复原引用
https://www.trend.az/iran/business/3153217.html,2026-09-30,200,https://www.trend.az/iran/business/3153217.html,165305,text/html; charset=UTF-8,,,HTTP仅访问检查，非事实核验；403/401可能反爬，404应修复原引用
https://www.woodmac.com/reports/upstream-oil-and-gas-aban-and-west-paydar-ipc-54481312/,2026-09-30,200,https://www.woodmac.com/reports/upstream-oil-and-gas-aban-and-west-paydar-ipc-54481312/,203558,text/html; charset=utf-8,,,HTTP仅访问检查，非事实核验；403/401可能反爬，404应修复原引用
https://www.woodmac.com/reports/upstream-oil-and-gas-al-uqlah-block-s2-1303840,2026-09-30,200,https://www.woodmac.com/reports/upstream-oil-and-gas-al-uqlah-block-s2-1303840,204240,text/html; charset=utf-8,,,HTTP仅访问检查，非事实核验；403/401可能反爬，404应修复原引用
https://www.woodmac.com/reports/upstream-oil-and-gas-khurais-3186632/,2026-09-30,200,https://www.woodmac.com/reports/upstream-oil-and-gas-khurais-3186632/,199181,text/html; charset=utf-8,,,HTTP仅访问检查，非事实核验；403/401可能反爬，404应修复原引用
https://www.woodmac.com/reports/upstream-oil-and-gas-khursaniyah-area-4215754/,2026-09-30,200,https://www.woodmac.com/reports/upstream-oil-and-gas-khursaniyah-area-4215754/,201814,text/html; charset=utf-8,,,HTTP仅访问检查，非事实核验；403/401可能反爬，404应修复原引用
https://www.woodmac.com/reports/upstream-oil-and-gas-united-arab-emirates-ceased-fields-75021668/,2026-09-30,200,https://www.woodmac.com/reports/upstream-oil-and-gas-united-arab-emirates-ceased-fields-75021668/,199936,text/html; charset=utf-8,,,HTTP仅访问检查，非事实核验；403/401可能反爬，404应修复原引用
https://genelenergy.com/wp-content/uploads/190326_Genel-AR_web-1.pdf,2026-09-30,200,https://genelenergy.com/wp-content/uploads/190326_Genel-AR_web-1.pdf,3534379,application/pdf,937a57a6b46f92be78dc617cc5c6dd8acab91d05424b45cdf87d475fb2eaf3a6,,HTTP仅访问检查；网页检索工具另已读到原始PDF
https://enerji.gov.tr/haber-detay?id=31903,2026-09-30T17:26:03.412964+00:00,200,https://enerji.gov.tr/haber-detay?id=31903,332031,text/html; charset=utf-8,c3f6a6059e2cb1308dfe3f370b88a6f0540c347a365095cd4a9f11fbcc2fe372,,HTTP仅访问检查，非事实核验；GEM回查另见GEM_RECONCILIATION
https://www.danagas.com/wp-content/uploads/2026/02/20260204-Dana-Gas-FY-2025-Press-Release-En.pdf,2026-09-30T17:26:03.415673+00:00,200,https://www.danagas.com/wp-content/uploads/2026/02/20260204-Dana-Gas-FY-2025-Press-Release-En.pdf,212,text/html,d02032286070b4dd9d8fbd985a7bdca8af8edf52b89ff177db3bfcb2c8a9c43d,,HTTP仅访问检查，非事实核验；GEM回查另见GEM_RECONCILIATION
https://www.danagas.com/media/press-releases/?cat=2026,2026-09-30T17:26:03.417685+00:00,200,https://www.danagas.com/media/press-releases/?cat=2026,212,text/html,d02032286070b4dd9d8fbd985a7bdca8af8edf52b89ff177db3bfcb2c8a9c43d,,HTTP仅访问检查，非事实核验；GEM回查另见GEM_RECONCILIATION
https://adnoc.ae/en/news-and-media/press-releases/2026/adnoc-accelerates-gas-growth-strategy-with-62-billion-fid-for-umm-shaif-gas-cap,2026-09-30T17:26:03.421407+00:00,200,https://adnoc.ae/en/news-and-media/press-releases/2026/adnoc-accelerates-gas-growth-strategy-with-62-billion-fid-for-umm-shaif-gas-cap,352821,text/html; charset=utf-8,299e06ac112bca19cf7d7eb2c84302f581b0f620a1ef8ff7a7b05a7d0bcc8f84,,HTTP仅访问检查，非事实核验；GEM回查另见GEM_RECONCILIATION
https://www.eni.com/en-IT/media/press-release/2026/04/eni-unveils-2-tcf-gas-discovery-offshore-egypt-unlocking-fast-track-development-potential.html,2026-09-30T17:26:03.427232+00:00,200,https://www.eni.com/en-IT/media/press-release/2026/04/eni-unveils-2-tcf-gas-discovery-offshore-egypt-unlocking-fast-track-development-potential.html,397675,text/html;charset=utf-8,5e9a29a976150ccac8774ddbd9213c2ad4778c4005af311560e73e3f3cbf5db7,,HTTP仅访问检查，非事实核验；GEM回查另见GEM_RECONCILIATION
