country,name,name_cn,asset_level,parent_asset,operating_status,operating_status_label,status_as_of,confidence,audit_result,source,status_evidence_url,status_basis
沙特阿拉伯,Ghawar,加瓦尔,field,,producing,在产,2025-12-31／2026年公开材料,中,再次核实（证据存在时点或层级限制）,Aramco 2019 Prospectus,https://www.aramco.com/-/media/images/investors/saudi-aramco-prospectus-en-051219.pdf,官方资料确认主力生产资产；逐田当日产量并未全部公开，且不把公司总产量下推到单田。
沙特阿拉伯,Safaniya,萨法尼亚,field,,producing,在产,2025-12-31／2026年公开材料,中,再次核实（证据存在时点或层级限制）,Aramco 2019 Prospectus,https://www.aramco.com/-/media/images/investors/saudi-aramco-prospectus-en-051219.pdf,官方资料确认主力生产资产；逐田当日产量并未全部公开，且不把公司总产量下推到单田。
沙特阿拉伯,Khurais,库赖斯,field_group,,producing,在产,2025-12-31／2026年公开材料,中,再次核实（证据存在时点或层级限制）,Aramco 2019 Prospectus,https://www.aramco.com/-/media/images/investors/saudi-aramco-prospectus-en-051219.pdf,官方资料确认主力生产资产；逐田当日产量并未全部公开，且不把公司总产量下推到单田。
沙特阿拉伯,Shaybah,谢拜,field,,producing,在产,2025-12-31／2026年公开材料,中,再次核实（证据存在时点或层级限制）,Aramco 2019 Prospectus,https://www.aramco.com/-/media/images/investors/saudi-aramco-prospectus-en-051219.pdf,官方资料确认主力生产资产；逐田当日产量并未全部公开，且不把公司总产量下推到单田。
沙特阿拉伯,Manifa,马尼法,field,,producing,在产,2025-12-31／2026年公开材料,中,再次核实（证据存在时点或层级限制）,Aramco 2019 Prospectus,https://www.aramco.com/-/media/images/investors/saudi-aramco-prospectus-en-051219.pdf,官方资料确认主力生产资产；逐田当日产量并未全部公开，且不把公司总产量下推到单田。
沙特阿拉伯,Marjan,马尔詹,field,,producing,在产,2025-12-31,高,已核实（带时点）,Aramco FY2025 Results,https://www.aramco.com/-/media/publications/corporate-reports/reports-and-presentations/2025/fy/saudi-aramco-ara-2025-english.pdf,Aramco 2025年报逐项确认Marjan原油增量、Dammam一期及Jafurah已投产；这里仅据此判定状态，不把新增产能或公司总量当作逐田实产。
沙特阿拉伯,Berri,贝里,field,,producing,在产,2025-12-31／2026年公开材料,中,再次核实（证据存在时点或层级限制）,Aramco 2019 Increments,https://www.aramco.com/en/news-media/news/2019/aramco-contracts-marjan-berri-oilfields,官方资料确认主力生产资产；逐田当日产量并未全部公开，且不把公司总产量下推到单田。
沙特阿拉伯,Zuluf,祖卢夫,field,,producing,在产,2025-12-31／2026年公开材料,中,再次核实（证据存在时点或层级限制）,Aramco 2019 Prospectus,https://www.aramco.com/-/media/images/investors/saudi-aramco-prospectus-en-051219.pdf,官方资料确认主力生产资产；逐田当日产量并未全部公开，且不把公司总产量下推到单田。
沙特阿拉伯,Qatif,卡提夫,field,,producing,在产,2025-12-31／2026年公开材料,中,再次核实（证据存在时点或层级限制）,Saudi Aramco / EIA,https://www.eia.gov/international/analysis/country/SAU,官方资料确认主力生产资产；逐田当日产量并未全部公开，且不把公司总产量下推到单田。
沙特阿拉伯,Abqaiq,阿布盖格,field,,producing,在产,2025-12-31／2026年公开材料,中,再次核实（证据存在时点或层级限制）,Saudi Aramco / EIA,https://www.eia.gov/international/analysis/country/SAU,官方资料确认主力生产资产；逐田当日产量并未全部公开，且不把公司总产量下推到单田。
沙特阿拉伯,Khursaniyah,胡尔萨尼亚,field,,producing,在产,2025-12-31／2026年公开材料,中,再次核实（证据存在时点或层级限制）,Saudi Aramco / EIA,https://www.eia.gov/international/analysis/country/SAU,官方资料确认主力生产资产；逐田当日产量并未全部公开，且不把公司总产量下推到单田。
沙特阿拉伯,Dammam,达曼,field,,producing,在产,2025-12-31,高,已核实（带时点）,Aramco 2025 Highlights,https://www.aramco.com/-/media/publications/corporate-reports/reports-and-presentations/2025/fy/saudi-aramco-ara-2025-english.pdf,Aramco 2025年报逐项确认Marjan原油增量、Dammam一期及Jafurah已投产；这里仅据此判定状态，不把新增产能或公司总量当作逐田实产。
沙特阿拉伯,Jafurah,贾富拉,field,,producing,在产,2025-12-31,高,已核实（带时点）,Aramco Gas 2026,https://www.aramco.com/-/media/publications/corporate-reports/reports-and-presentations/2025/fy/saudi-aramco-ara-2025-english.pdf,Aramco 2025年报逐项确认Marjan原油增量、Dammam一期及Jafurah已投产；这里仅据此判定状态，不把新增产能或公司总量当作逐田实产。
沙特阿拉伯,Jabu,贾布,field,,discovered,已发现／待商业化,2017—2025年发现公告,高,已核实（带时点）,Saudi Press Agency 2025,https://www.spa.gov.sa/en/N2295070,官方资料仅确认发现或试井，未确认商业生产。
沙特阿拉伯,Sayahid,萨亚希德,field,,discovered,已发现／待商业化,2017—2025年发现公告,高,已核实（带时点）,Saudi Press Agency 2025,https://www.spa.gov.sa/en/N2295070,官方资料仅确认发现或试井，未确认商业生产。
沙特阿拉伯,Ayfan,艾凡,field,,discovered,已发现／待商业化,2017—2025年发现公告,高,已核实（带时点）,Saudi Press Agency 2025,https://www.spa.gov.sa/en/N2295070,官方资料仅确认发现或试井，未确认商业生产。
沙特阿拉伯,Nuwayr,努韦尔,field,,discovered,已发现／待商业化,2017—2025年发现公告,高,已核实（带时点）,Saudi Press Agency 2025,https://www.spa.gov.sa/en/N2295070,官方资料仅确认发现或试井，未确认商业生产。
沙特阿拉伯,Damda,达姆达,field,,discovered,已发现／待商业化,2017—2025年发现公告,高,已核实（带时点）,Saudi Press Agency 2025,https://www.spa.gov.sa/en/N2295070,官方资料仅确认发现或试井，未确认商业生产。
沙特阿拉伯,Qurqas,古尔加斯,field,,discovered,已发现／待商业化,2017—2025年发现公告,高,已核实（带时点）,Saudi Press Agency 2025,https://www.spa.gov.sa/en/N2295070,官方资料仅确认发现或试井，未确认商业生产。
沙特阿拉伯,Ladam,拉达姆,field,,discovered,已发现／待商业化,2017—2025年发现公告,高,已核实（带时点）,Saudi Press Agency 2024,https://www.spa.gov.sa/N2131725,官方资料仅确认发现或试井，未确认商业生产。
沙特阿拉伯,Faruq,法鲁克,field,,discovered,已发现／待商业化,2017—2025年发现公告,高,已核实（带时点）,Saudi Press Agency 2024,https://www.spa.gov.sa/N2131725,官方资料仅确认发现或试井，未确认商业生产。
沙特阿拉伯,Abu Jifan,阿布吉凡,field_group,Khurais,producing,在产,2020年官方运营资料／网页复核2026-09-28,中,再次核实（证据存在时点或层级限制）,Aramco 2019 Prospectus,https://www.aramco.com/en/news-media/elements-magazine/2020/why-intelligence-is-important,Aramco说明Khurais设施从Khurais、Abu Jifan和Mazalij三田生产；未披露两田各自日产量。
沙特阿拉伯,Mazalij,马扎利吉,field_group,Khurais,producing,在产,2020年官方运营资料／网页复核2026-09-28,中,再次核实（证据存在时点或层级限制）,Aramco 2019 Prospectus,https://www.aramco.com/en/news-media/elements-magazine/2020/why-intelligence-is-important,Aramco说明Khurais设施从Khurais、Abu Jifan和Mazalij三田生产；未披露两田各自日产量。
沙特阿拉伯,Qirdi,吉尔迪,field_group,Khurais,ceased,停产／终止,1980年代／报告更新至2026年,中,再次核实（证据存在时点或层级限制）,Aramco 2019 Prospectus,https://www.woodmac.com/reports/upstream-oil-and-gas-khurais-3186632/,Wood Mackenzie当前资产报告明确Qirdi在1980年代停止生产，未见复产资料。
沙特阿拉伯,Abu Hadriya,阿布哈德里亚,field,,producing,在产,2025年资产报告／复核2026-09-28,中,再次核实（证据存在时点或层级限制）,Aramco 2019 Prospectus,https://www.woodmac.com/reports/upstream-oil-and-gas-khursaniyah-area-4215754/,Abu Hadriya属于仍有生产与2025—2029运营支出记录的AFK资产组合。
沙特阿拉伯,Fadhili,法迪利,field,,producing,在产,2026-09-28,中,再次核实（证据存在时点或层级限制）,Aramco 2019 Prospectus,https://www.gem.wiki/Fadhili_Oil_Field_(Saudi_Arabia),当前油气资产跟踪器将Fadhili油田列为运营中；注意不要与同名Fadhili天然气处理厂混淆。
沙特阿拉伯,Harmaliyah,哈马利亚,field,,producing,在产,2026-09-28,中,再次核实（证据存在时点或层级限制）,Aramco 2019 Prospectus,https://www.gem.wiki/Harmaliyah_Oil_and_Gas_Field_(Saudi_Arabia),当前油气资产跟踪器将Harmaliyah列为运营中，最近可见田级产量年份为2020。
沙特阿拉伯,Hawtah,豪塔,field,,producing,在产,2024年资产资料／复核2026-09-28,中,再次核实（证据存在时点或层级限制）,Aramco 2019 GMTN,https://www.offshore-technology.com/marketdata/oil-gas-field-profile-hawtah-trend-fields-conventional-oil-field-saudi-arabia/,当前资产资料将Hawtah Trend列为生产油田，配套原油管线亦列为运营中。
沙特阿拉伯,Sakab,萨卡布,field,,discovered,已发现／待商业化,2017—2025年发现公告,高,已核实（带时点）,Aramco 2017 Review,https://www.aramco.com/en/news-media/news/2018/2017-annual-review,官方资料仅确认发现或试井，未确认商业生产。
沙特阿拉伯,Zumul,祖穆尔,field,,discovered,已发现／待商业化,2017—2025年发现公告,高,已核实（带时点）,Aramco 2017 Review,https://www.aramco.com/en/news-media/news/2018/2017-annual-review,官方资料仅确认发现或试井，未确认商业生产。
阿联酋,Bab,巴布,field,,producing,在产,2025年,高,已核实（带时点）,ADNOC Bab 2019,https://reports.adnoc.ae/e/sustainability-report-2025-mobile,ADNOC 2025可持续发展报告把这十个具名油田列入Onshore特许区，并明确该特许区的作业类型为开采与生产；报告不披露逐田日产量。
阿联酋,Bu Hasa,布哈萨,field,,producing,在产,2025年,高,已核实（带时点）,ADNOC Bu Hasa 2021,https://reports.adnoc.ae/e/sustainability-report-2025-mobile,ADNOC 2025可持续发展报告把这十个具名油田列入Onshore特许区，并明确该特许区的作业类型为开采与生产；报告不披露逐田日产量。
阿联酋,Huwaila,胡韦拉,field,,producing,在产,运营商资料截至2025年／再次复核2026-09-28,中,再次核实（证据存在时点或层级限制）,ADNOC Onshore,https://www.adnoc.ae/en/adnoc-onshore/about-us/what-we-do,逐资产重查后，运营商仍把该资产列入当前上游运营或近年已投产；但缺少同一观察日的逐田实时遥测，故维持中置信度。
阿联酋,Bida Al-Qemzan,比达·盖姆赞,field,,producing,在产,2025年,高,已核实（带时点）,ADNOC Onshore,https://reports.adnoc.ae/e/sustainability-report-2025-mobile,ADNOC 2025可持续发展报告把这十个具名油田列入Onshore特许区，并明确该特许区的作业类型为开采与生产；报告不披露逐田日产量。
阿联酋,Al Dabb'iya,达比亚,field,,producing,在产,运营商资料截至2025年／再次复核2026-09-28,中,再次核实（证据存在时点或层级限制）,ADNOC Onshore,https://www.adnoc.ae/en/adnoc-onshore/about-us/what-we-do,逐资产重查后，运营商仍把该资产列入当前上游运营或近年已投产；但缺少同一观察日的逐田实时遥测，故维持中置信度。
阿联酋,Rumaitha,鲁迈萨,field,,producing,在产,2025年,高,已核实（带时点）,ADNOC Onshore,https://reports.adnoc.ae/e/sustainability-report-2025-mobile,ADNOC 2025可持续发展报告把这十个具名油田列入Onshore特许区，并明确该特许区的作业类型为开采与生产；报告不披露逐田日产量。
阿联酋,Shanayel,沙奈耶勒,field,,producing,在产,2025年,高,已核实（带时点）,ADNOC Onshore,https://reports.adnoc.ae/e/sustainability-report-2025-mobile,ADNOC 2025可持续发展报告把这十个具名油田列入Onshore特许区，并明确该特许区的作业类型为开采与生产；报告不披露逐田日产量。
阿联酋,Asab,阿萨布,field,,producing,在产,2025年,高,已核实（带时点）,ADNOC Onshore,https://reports.adnoc.ae/e/sustainability-report-2025-mobile,ADNOC 2025可持续发展报告把这十个具名油田列入Onshore特许区，并明确该特许区的作业类型为开采与生产；报告不披露逐田日产量。
阿联酋,Sahil,萨希勒,field,,producing,在产,运营商资料截至2025年／再次复核2026-09-28,中,再次核实（证据存在时点或层级限制）,ADNOC Onshore,https://www.adnoc.ae/en/adnoc-onshore/about-us/what-we-do,逐资产重查后，运营商仍把该资产列入当前上游运营或近年已投产；但缺少同一观察日的逐田实时遥测，故维持中置信度。
阿联酋,Shah,沙阿,field,,producing,在产,运营商资料截至2025年／再次复核2026-09-28,中,再次核实（证据存在时点或层级限制）,ADNOC Shah 2025,https://adnoc.ae/en/news-and-media/press-releases/2025/adnoc-achieves-industryleading-carbon-intensity-at-shah,逐资产重查后，运营商仍把该资产列入当前上游运营或近年已投产；但缺少同一观察日的逐田实时遥测，故维持中置信度。
阿联酋,Qusahwira,古萨赫维拉,field,,producing,在产,2025年,高,已核实（带时点）,ADNOC Onshore,https://reports.adnoc.ae/e/sustainability-report-2025-mobile,ADNOC 2025可持续发展报告把这十个具名油田列入Onshore特许区，并明确该特许区的作业类型为开采与生产；报告不披露逐田日产量。
阿联酋,Mender,门德尔,field,,producing,在产,2025年,高,已核实（带时点）,ADNOC Onshore,https://reports.adnoc.ae/e/sustainability-report-2025-mobile,ADNOC 2025可持续发展报告把这十个具名油田列入Onshore特许区，并明确该特许区的作业类型为开采与生产；报告不披露逐田日产量。
阿联酋,Jumaylah,朱迈拉,field,,producing,在产,2025年,高,已核实（带时点）,ADNOC Onshore,https://reports.adnoc.ae/e/sustainability-report-2025-mobile,ADNOC 2025可持续发展报告把这十个具名油田列入Onshore特许区，并明确该特许区的作业类型为开采与生产；报告不披露逐田日产量。
阿联酋,Al Nouf,努夫,field,,producing,在产,2025年,高,已核实（带时点）,ADNOC Onshore,https://reports.adnoc.ae/e/sustainability-report-2025-mobile,ADNOC 2025可持续发展报告把这十个具名油田列入Onshore特许区，并明确该特许区的作业类型为开采与生产；报告不披露逐田日产量。
阿联酋,Upper Zakum,上扎库姆,field,,producing,在产,运营商资料截至2025年／再次复核2026-09-28,中,再次核实（证据存在时点或层级限制）,INPEX Upper Zakum 2017,https://www.inpex.com/english/news/english/news/assets/pdf/e20171114.pdf,逐资产重查后，运营商仍把该资产列入当前上游运营或近年已投产；但缺少同一观察日的逐田实时遥测，故维持中置信度。
阿联酋,Lower Zakum,下扎库姆,field,,producing,在产,运营商资料截至2025年／再次复核2026-09-28,中,再次核实（证据存在时点或层级限制）,ADNOC Lower Zakum 2022,https://adnoc.ae/en/news-and-media/press-releases/2022/adnoc-announces-%24548-million-contract-for-a-new-main-gas-line-at-its-lower-zakum-field,逐资产重查后，运营商仍把该资产列入当前上游运营或近年已投产；但缺少同一观察日的逐田实时遥测，故维持中置信度。
阿联酋,Umm Shaif,乌姆沙伊夫,field,,producing,在产,运营商资料截至2025年／再次复核2026-09-28,中,再次核实（证据存在时点或层级限制）,ADNOC Umm Shaif 2022,https://www.adnoc.ae/en/news-and-media/press-releases/2022/adnoc-invests-close-to-usd1-billion-in-the-long-term-development-of-umm-shaif-field,逐资产重查后，运营商仍把该资产列入当前上游运营或近年已投产；但缺少同一观察日的逐田实时遥测，故维持中置信度。
阿联酋,Satah,萨塔赫,field,,producing,在产,运营商资料截至2025年／再次复核2026-09-28,中,再次核实（证据存在时点或层级限制）,ADNOC Offshore,https://www.adnoc.ae/en/adnoc-offshore,逐资产重查后，运营商仍把该资产列入当前上游运营或近年已投产；但缺少同一观察日的逐田实时遥测，故维持中置信度。
阿联酋,Nasr,纳斯尔,field,Ghasha Concession,producing,在产,运营商资料截至2025年／再次复核2026-09-28,中,再次核实（证据存在时点或层级限制）,INPEX Nasr 2015,https://www.inpex.com/english/news/english/news/assets/pdf/e20150205.pdf,逐资产重查后，运营商仍把该资产列入当前上游运营或近年已投产；但缺少同一观察日的逐田实时遥测，故维持中置信度。
阿联酋,Umm Al Dalkh,乌姆阿尔达尔赫,field,,producing,在产,运营商资料截至2025年／再次复核2026-09-28,中,再次核实（证据存在时点或层级限制）,ADNOC Offshore,https://www.adnoc.ae/en/adnoc-offshore,逐资产重查后，运营商仍把该资产列入当前上游运营或近年已投产；但缺少同一观察日的逐田实时遥测，故维持中置信度。
阿联酋,Satah Al Razboot (SARB),萨塔赫·阿尔拉兹布特,field,Ghasha Concession,producing,在产,运营商资料截至2025年／再次复核2026-09-28,中,再次核实（证据存在时点或层级限制）,ADNOC SARB 2024,https://adnoc.ae/en/news-and-media/press-releases/2023/adnocs-offshore-sarb-field-commences-ai-enabled-digital-operations,逐资产重查后，运营商仍把该资产列入当前上游运营或近年已投产；但缺少同一观察日的逐田实时遥测，故维持中置信度。
阿联酋,Umm Lulu,乌姆卢卢,field,,producing,在产,运营商资料截至2025年／再次复核2026-09-28,中,再次核实（证据存在时点或层级限制）,INPEX Umm Lulu 2014,https://www.inpex.com/english/news/english/news/assets/pdf/e20141017.pdf,逐资产重查后，运营商仍把该资产列入当前上游运营或近年已投产；但缺少同一观察日的逐田实时遥测，故维持中置信度。
阿联酋,Abu Al Bukhoosh,阿布阿尔布胡什,field,,producing,在产,运营商资料截至2025年／再次复核2026-09-28,中,再次核实（证据存在时点或层级限制）,ADNOC Offshore,https://www.adnoc.ae/en/adnoc-offshore,逐资产重查后，运营商仍把该资产列入当前上游运营或近年已投产；但缺少同一观察日的逐田实时遥测，故维持中置信度。
阿联酋,Bu Haseer,布哈塞尔,field,,producing,在产,运营商资料截至2025年／再次复核2026-09-28,中,再次核实（证据存在时点或层级限制）,ADNOC Al Yasat,https://adnoc.ae/en/al-yasat-petroleum/about-us/what-we-do,逐资产重查后，运营商仍把该资产列入当前上游运营或近年已投产；但缺少同一观察日的逐田实时遥测，故维持中置信度。
阿联酋,Belbazem,贝尔巴泽姆,field,Belbazem Offshore Block,producing,在产,运营商资料截至2025年／再次复核2026-09-28,中,再次核实（证据存在时点或层级限制）,ADNOC Belbazem 2024,https://adnoc.ae/en/news-and-media/press-releases/2023/adnoc-announces-first-production-from-belbazem-offshore-block/,逐资产重查后，运营商仍把该资产列入当前上游运营或近年已投产；但缺少同一观察日的逐田实时遥测，故维持中置信度。
阿联酋,Belbazem Offshore Block,贝尔巴泽姆海上区块,block,,producing,在产,2024-03-27,高,已核实（带时点）,ADNOC Belbazem 2024,https://adnoc.ae/en/news-and-media/press-releases/2023/adnoc-announces-first-production-from-belbazem-offshore-block/,ADNOC公告明确Belbazem海上区块已实现首产；45千桶/日为三区块目标产能，不能作为当期实产或分配给三个组成田。
阿联酋,Umm Al Salsal,乌姆阿尔萨尔萨勒,field,Belbazem Offshore Block,producing,在产,运营商资料截至2025年／再次复核2026-09-28,中,再次核实（证据存在时点或层级限制）,ADNOC Al Yasat,https://adnoc.ae/en/al-yasat-petroleum/about-us/what-we-do,逐资产重查后，运营商仍把该资产列入当前上游运营或近年已投产；但缺少同一观察日的逐田实时遥测，故维持中置信度。
阿联酋,Umm Al Dholou,乌姆阿尔祖卢,field,Belbazem Offshore Block,producing,在产,运营商资料截至2025年／再次复核2026-09-28,中,再次核实（证据存在时点或层级限制）,ADNOC Al Yasat,https://adnoc.ae/en/al-yasat-petroleum/about-us/what-we-do,逐资产重查后，运营商仍把该资产列入当前上游运营或近年已投产；但缺少同一观察日的逐田实时遥测，故维持中置信度。
阿联酋,Arzanah,阿尔扎纳,field,,producing,在产,运营商资料截至2025年／再次复核2026-09-28,中,再次核实（证据存在时点或层级限制）,ADNOC Al Yasat,https://adnoc.ae/en/al-yasat-petroleum/about-us/what-we-do,逐资产重查后，运营商仍把该资产列入当前上游运营或近年已投产；但缺少同一观察日的逐田实时遥测，故维持中置信度。
阿联酋,Nahaidiin,纳海迪因,field,,producing,在产,运营商资料截至2025年／再次复核2026-09-28,中,再次核实（证据存在时点或层级限制）,ADNOC Al Yasat,https://adnoc.ae/en/al-yasat-petroleum/about-us/what-we-do,逐资产重查后，运营商仍把该资产列入当前上游运营或近年已投产；但缺少同一观察日的逐田实时遥测，故维持中置信度。
阿联酋,Bin Hadi,本哈迪,field,,producing,在产,运营商资料截至2025年／再次复核2026-09-28,中,再次核实（证据存在时点或层级限制）,ADNOC Al Yasat,https://adnoc.ae/en/al-yasat-petroleum/about-us/what-we-do,逐资产重查后，运营商仍把该资产列入当前上游运营或近年已投产；但缺少同一观察日的逐田实时遥测，故维持中置信度。
阿联酋,Gezira,盖济拉,field,,producing,在产,运营商资料截至2025年／再次复核2026-09-28,中,再次核实（证据存在时点或层级限制）,ADNOC Al Yasat,https://adnoc.ae/en/al-yasat-petroleum/about-us/what-we-do,逐资产重查后，运营商仍把该资产列入当前上游运营或近年已投产；但缺少同一观察日的逐田实时遥测，故维持中置信度。
阿联酋,Muhaymat,穆海马特,field,,producing,在产,运营商资料截至2025年／再次复核2026-09-28,中,再次核实（证据存在时点或层级限制）,ADNOC Al Yasat,https://adnoc.ae/en/al-yasat-petroleum/about-us/what-we-do,逐资产重查后，运营商仍把该资产列入当前上游运营或近年已投产；但缺少同一观察日的逐田实时遥测，故维持中置信度。
阿联酋,Sila,锡拉,field,,producing,在产,运营商资料截至2025年／再次复核2026-09-28,中,再次核实（证据存在时点或层级限制）,ADNOC Al Yasat,https://adnoc.ae/en/al-yasat-petroleum/about-us/what-we-do,逐资产重查后，运营商仍把该资产列入当前上游运营或近年已投产；但缺少同一观察日的逐田实时遥测，故维持中置信度。
阿联酋,Ghasha,加沙,field,Ghasha Concession,development,开发／建设中,2025—2026年项目资料,高,已核实（带时点）,ADNOC Ghasha,https://adnoc.ae/en/news-and-media/press-releases/2025/uae-president-chairs-adnoc-board-of-directors-meeting-at-habshan-complex,公开资料将其列为开发、建设或扩建项目；目标产量不等于当前实产。
阿联酋,Dalma,达尔马,field,Ghasha Concession,development,开发／建设中,2025—2026年项目资料,高,已核实（带时点）,ADNOC Ghasha,https://adnoc.ae/en/news-and-media/press-releases/2025/uae-president-chairs-adnoc-board-of-directors-meeting-at-habshan-complex,公开资料将其列为开发、建设或扩建项目；目标产量不等于当前实产。
阿联酋,Shuweihat,舒韦哈特,field,,development,开发／建设中,2025—2026年项目资料,高,已核实（带时点）,ADNOC Ghasha,https://adnoc.ae/en/news-and-media/press-releases/2025/uae-president-chairs-adnoc-board-of-directors-meeting-at-habshan-complex,公开资料将其列为开发、建设或扩建项目；目标产量不等于当前实产。
阿联酋,Ghasha Concession,Ghasha特许区,concession,,development,开发／建设中,2025—2026年项目资料,高,已核实（带时点）,ADNOC Ghasha,https://adnoc.ae/en/news-and-media/press-releases/2025/uae-president-chairs-adnoc-board-of-directors-meeting-at-habshan-complex,公开资料将其列为开发、建设或扩建项目；目标产量不等于当前实产。
阿联酋,SARB Deep Gas,SARB 深层气项目,project,Satah Al Razboot (SARB),development,开发／建设中,2025—2026年项目资料,高,已核实（带时点）,ADNOC Ghasha,https://adnoc.ae/en/news-and-media/press-releases/2025/uae-president-chairs-adnoc-board-of-directors-meeting-at-habshan-complex,公开资料将其列为开发、建设或扩建项目；目标产量不等于当前实产。
阿联酋,Hail (ADOC),海尔（ADOC）,field,,producing,在产,运营商资料截至2025年／再次复核2026-09-28,中,再次核实（证据存在时点或层级限制）,ADOC Fields,https://www.cts-co.net/adocauh/product/,逐资产重查后，运营商仍把该资产列入当前上游运营或近年已投产；但缺少同一观察日的逐田实时遥测，故维持中置信度。
阿联酋,Hail (ADNOC Ghasha),海尔（ADNOC Ghasha）,field,Ghasha Concession,development,开发／建设中,2025—2026年项目资料,高,已核实（带时点）,ADNOC Ghasha,https://adnoc.ae/en/news-and-media/press-releases/2025/uae-president-chairs-adnoc-board-of-directors-meeting-at-habshan-complex,公开资料将其列为开发、建设或扩建项目；目标产量不等于当前实产。
阿联酋,Mubarraz,穆巴拉兹,field,,producing,在产,运营商资料截至2025年／再次复核2026-09-28,中,再次核实（证据存在时点或层级限制）,ADNOC Ghasha,https://adnoc.ae/en/news-and-media/press-releases/2025/uae-president-chairs-adnoc-board-of-directors-meeting-at-habshan-complex,逐资产重查后，运营商仍把该资产列入当前上游运营或近年已投产；但缺少同一观察日的逐田实时遥测，故维持中置信度。
阿联酋,Umm Al-Anbar,乌姆阿尔安巴尔,field,,producing,在产,运营商资料截至2025年／再次复核2026-09-28,中,再次核实（证据存在时点或层级限制）,ADNOC Ghasha,https://adnoc.ae/en/news-and-media/press-releases/2025/uae-president-chairs-adnoc-board-of-directors-meeting-at-habshan-complex,逐资产重查后，运营商仍把该资产列入当前上游运营或近年已投产；但缺少同一观察日的逐田实时遥测，故维持中置信度。
阿联酋,Neewat Al-Ghalan,尼瓦特阿尔加兰,field,,producing,在产,运营商资料截至2025年／再次复核2026-09-28,中,再次核实（证据存在时点或层级限制）,ADNOC Ghasha,https://adnoc.ae/en/news-and-media/press-releases/2025/uae-president-chairs-adnoc-board-of-directors-meeting-at-habshan-complex,逐资产重查后，运营商仍把该资产列入当前上游运营或近年已投产；但缺少同一观察日的逐田实时遥测，故维持中置信度。
阿联酋,Bunduq,本杜克,field,,producing,在产,运营商资料截至2025年／再次复核2026-09-28,中,再次核实（证据存在时点或层级限制）,QatarEnergy,https://www.qatarenergy.qa/en/MediaCenter/Publications/QatarEnergy_Investors_Presentation_November_2025.pdf,逐资产重查后，运营商仍把该资产列入当前上游运营或近年已投产；但缺少同一观察日的逐田实时遥测，故维持中置信度。
阿联酋,Haliba,哈利巴,field,,producing,在产,运营商资料截至2025年／再次复核2026-09-28,中,再次核实（证据存在时点或层级限制）,ADNOC Haliba,https://www.adnoc.ae/en/al-dhafra-petroleum/about-us/what-we-do,逐资产重查后，运营商仍把该资产列入当前上游运营或近年已投产；但缺少同一观察日的逐田实时遥测，故维持中置信度。
阿联酋,Fateh,法泰赫,field,,producing,在产,运营商资料截至2025年／再次复核2026-09-28,中,再次核实（证据存在时点或层级限制）,Dubai Petroleum,https://www.dubaipetroleum.ae/about-us/oil-and-gas-assets/,逐资产重查后，运营商仍把该资产列入当前上游运营或近年已投产；但缺少同一观察日的逐田实时遥测，故维持中置信度。
阿联酋,South-West Fateh,西南法泰赫,field,,producing,在产,运营商资料截至2025年／再次复核2026-09-28,中,再次核实（证据存在时点或层级限制）,Dubai Petroleum,https://www.dubaipetroleum.ae/about-us/oil-and-gas-assets/,逐资产重查后，运营商仍把该资产列入当前上游运营或近年已投产；但缺少同一观察日的逐田实时遥测，故维持中置信度。
阿联酋,Falah,法拉赫,field,,producing,在产,运营商资料截至2025年／再次复核2026-09-28,中,再次核实（证据存在时点或层级限制）,Dubai Petroleum,https://www.dubaipetroleum.ae/about-us/oil-and-gas-assets/,逐资产重查后，运营商仍把该资产列入当前上游运营或近年已投产；但缺少同一观察日的逐田实时遥测，故维持中置信度。
阿联酋,Rashid,拉希德,field,,producing,在产,运营商资料截至2025年／再次复核2026-09-28,中,再次核实（证据存在时点或层级限制）,Dubai Petroleum,https://www.dubaipetroleum.ae/about-us/oil-and-gas-assets/,逐资产重查后，运营商仍把该资产列入当前上游运营或近年已投产；但缺少同一观察日的逐田实时遥测，故维持中置信度。
阿联酋,Jalilah,贾利拉,field,,producing,在产,运营商资料截至2025年／再次复核2026-09-28,中,再次核实（证据存在时点或层级限制）,Dubai Petroleum,https://www.dubaipetroleum.ae/about-us/oil-and-gas-assets/,逐资产重查后，运营商仍把该资产列入当前上游运营或近年已投产；但缺少同一观察日的逐田实时遥测，故维持中置信度。
阿联酋,Margham,马尔格姆,field,,producing,在产,运营商资料截至2025年／再次复核2026-09-28,中,再次核实（证据存在时点或层级限制）,Dubai Petroleum,https://www.dubaipetroleum.ae/about-us/oil-and-gas-assets/,逐资产重查后，运营商仍把该资产列入当前上游运营或近年已投产；但缺少同一观察日的逐田实时遥测，故维持中置信度。
阿联酋,Bab Gas Cap,巴布气顶项目,project,Bab,development,开发／建设中,2025—2026年项目资料,高,已核实（带时点）,ADNOC Onshore,https://www.adnoc.ae/en/adnoc-onshore/about-us/what-we-do,公开资料将其列为开发、建设或扩建项目；目标产量不等于当前实产。
阿联酋,Ruwais Diyab,鲁韦斯迪亚布,concession,,development,开发／建设中,2025—2026年项目资料,高,已核实（带时点）,ADNOC Ghasha,https://adnoc.ae/en/news-and-media/press-releases/2025/uae-president-chairs-adnoc-board-of-directors-meeting-at-habshan-complex,公开资料将其列为开发、建设或扩建项目；目标产量不等于当前实产。
阿联酋,Sajaa,萨贾,field,,producing,在产,运营商资料截至2025年／再次复核2026-09-28,中,再次核实（证据存在时点或层级限制）,SNOC Upstream,https://www.snoc.ae/our-business/upstream/,逐资产重查后，运营商仍把该资产列入当前上游运营或近年已投产；但缺少同一观察日的逐田实时遥测，故维持中置信度。
阿联酋,Kahaif,卡海夫,field,,producing,在产,运营商资料截至2025年／再次复核2026-09-28,中,再次核实（证据存在时点或层级限制）,SNOC Upstream,https://www.snoc.ae/our-business/upstream/,逐资产重查后，运营商仍把该资产列入当前上游运营或近年已投产；但缺少同一观察日的逐田实时遥测，故维持中置信度。
阿联酋,Moveyeid,穆韦耶德,field,,storage,转储存用途,2026-09-28审计,高,已核实（带时点）,SNOC Upstream,https://www.snoc.ae/our-business/upstream/,SNOC明确其成熟气田已转为储气用途。
阿联酋,Mahani,马哈尼,field,,producing,在产,运营商资料截至2025年／再次复核2026-09-28,中,再次核实（证据存在时点或层级限制）,SNOC GHG 2021,https://www.snoc.ae/wp-content/uploads/SNOC-2021-GHG-Report.pdf,逐资产重查后，运营商仍把该资产列入当前上游运营或近年已投产；但缺少同一观察日的逐田实时遥测，故维持中置信度。
阿联酋,Hedebah,赫德巴,field,,development,开发／建设中,2025—2026年项目资料,高,已核实（带时点）,SNOC Upstream,https://www.snoc.ae/our-business/upstream/,公开资料将其列为开发、建设或扩建项目；目标产量不等于当前实产。
阿联酋,Saleh,萨利赫,field,,ceased,停产／终止,2024-11-05／复核2026-09-28,高,已核实（带时点）,RAKGAS History,https://www.linkedin.com/posts/rakpa_collaboration-adipec2024-rakpa-activity-7259475442305286144-qSf6,RAK Petroleum Authority披露对Saleh田六个平台九口井开展封堵弃置（P&A），不再按历史产量视为在产。
阿联酋,Umm Al Quwain,乌姆盖万,field,,ceased,停产／终止,2025年资产报告／复核2026-09-28,中,再次核实（证据存在时点或层级限制）,RAKGAS History,https://www.woodmac.com/reports/upstream-oil-and-gas-united-arab-emirates-ceased-fields-75021668/,当前已停产资产报告把Umm Al Qaiwain列入ceased fields，公开资产资料亦称已停产并弃置。
伊拉克,Rumaila,鲁迈拉,field,,producing,在产,2023—2026年最后可核实公开时点／再次复核2026-09-28,中,再次核实（证据存在时点或层级限制）,Rumaila Operating Organisation,https://rumaila.iq/english/about-us/history-2/,逐资产重查后，运营商、EITI或近期报道仍支持生产属性；2026年冲突造成的国家或区域减产不下推为每个油田停产。
伊拉克,West Qurna-1,西古尔纳一期,field,,producing,在产,2023—2026年最后可核实公开时点／再次复核2026-09-28,中,再次核实（证据存在时点或层级限制）,Iraqi News West Qurna-1,https://www.iraqinews.com/iraq/iraq-to-raise-west-qurna-1s-output-to-670000-bpd-in-2026/,逐资产重查后，运营商、EITI或近期报道仍支持生产属性；2026年冲突造成的国家或区域减产不下推为每个油田停产。
伊拉克,West Qurna-2,西古尔纳二期,field,,producing,在产,2023—2026年最后可核实公开时点／再次复核2026-09-28,中,再次核实（证据存在时点或层级限制）,Iraq EITI 2021,https://eiti.org/sites/default/files/2024-01/Iraq%202021%20EITI%20Report.pdf,逐资产重查后，运营商、EITI或近期报道仍支持生产属性；2026年冲突造成的国家或区域减产不下推为每个油田停产。
伊拉克,Zubair,祖拜尔,field,,producing,在产,2023—2026年最后可核实公开时点／再次复核2026-09-28,中,再次核实（证据存在时点或层级限制）,Iraq EITI 2021,https://eiti.org/sites/default/files/2024-01/Iraq%202021%20EITI%20Report.pdf,逐资产重查后，运营商、EITI或近期报道仍支持生产属性；2026年冲突造成的国家或区域减产不下推为每个油田停产。
伊拉克,Majnoon,马季努恩,field,,producing,在产,2023—2026年最后可核实公开时点／再次复核2026-09-28,中,再次核实（证据存在时点或层级限制）,Iraq EITI 2021,https://eiti.org/sites/default/files/2024-01/Iraq%202021%20EITI%20Report.pdf,逐资产重查后，运营商、EITI或近期报道仍支持生产属性；2026年冲突造成的国家或区域减产不下推为每个油田停产。
伊拉克,Halfaya,哈法亚,field,,producing,在产,2023—2026年最后可核实公开时点／再次复核2026-09-28,中,再次核实（证据存在时点或层级限制）,Iraq EITI 2021,https://eiti.org/sites/default/files/2024-01/Iraq%202021%20EITI%20Report.pdf,逐资产重查后，运营商、EITI或近期报道仍支持生产属性；2026年冲突造成的国家或区域减产不下推为每个油田停产。
伊拉克,Gharraf,加拉夫,field,,producing,在产,2023—2026年最后可核实公开时点／再次复核2026-09-28,中,再次核实（证据存在时点或层级限制）,PETRONAS Gharraf,https://www.petronas.com/partner-us/pcihbv-contract-plan,逐资产重查后，运营商、EITI或近期报道仍支持生产属性；2026年冲突造成的国家或区域减产不下推为每个油田停产。
伊拉克,Badra,巴德拉,field,,producing,在产,2023—2026年最后可核实公开时点／再次复核2026-09-28,中,再次核实（证据存在时点或层级限制）,Iraq EITI 2021,https://eiti.org/sites/default/files/2024-01/Iraq%202021%20EITI%20Report.pdf,逐资产重查后，运营商、EITI或近期报道仍支持生产属性；2026年冲突造成的国家或区域减产不下推为每个油田停产。
伊拉克,Ahdab,阿赫达卜,field,,producing,在产,2023—2026年最后可核实公开时点／再次复核2026-09-28,中,再次核实（证据存在时点或层级限制）,Iraq EITI 2021,https://eiti.org/sites/default/files/2024-01/Iraq%202021%20EITI%20Report.pdf,逐资产重查后，运营商、EITI或近期报道仍支持生产属性；2026年冲突造成的国家或区域减产不下推为每个油田停产。
伊拉克,East Baghdad,东巴格达,field,,producing,在产,2023—2026年最后可核实公开时点／再次复核2026-09-28,中,再次核实（证据存在时点或层级限制）,Iraq EITI 2021,https://eiti.org/sites/default/files/2024-01/Iraq%202021%20EITI%20Report.pdf,逐资产重查后，运营商、EITI或近期报道仍支持生产属性；2026年冲突造成的国家或区域减产不下推为每个油田停产。
伊拉克,Nahr Umar,纳赫尔乌马尔,field,,producing,在产,2023—2026年最后可核实公开时点／再次复核2026-09-28,中,再次核实（证据存在时点或层级限制）,Iraq EITI 2021,https://eiti.org/sites/default/files/2024-01/Iraq%202021%20EITI%20Report.pdf,逐资产重查后，运营商、EITI或近期报道仍支持生产属性；2026年冲突造成的国家或区域减产不下推为每个油田停产。
伊拉克,Artawi,阿尔塔维,field,,non_producing,未生产,2023—2025年最后可核实公开时点,高,已核实（带时点）,Iraq EITI 2016,https://eiti.org/sites/default/files/attachments/iraq_2016_eiti_report.pdf,EITI或运营商明确列为非生产／仅试井；开发活动不等于商业生产。
伊拉克,Nassiriya,纳西里耶,field,,producing,在产,2023—2026年最后可核实公开时点／再次复核2026-09-28,中,再次核实（证据存在时点或层级限制）,Iraq EITI 2021,https://eiti.org/sites/default/files/2024-01/Iraq%202021%20EITI%20Report.pdf,逐资产重查后，运营商、EITI或近期报道仍支持生产属性；2026年冲突造成的国家或区域减产不下推为每个油田停产。
伊拉克,Kirkuk,基尔库克,field,,producing,在产,2023—2026年最后可核实公开时点／再次复核2026-09-28,中,再次核实（证据存在时点或层级限制）,EIA Iraq,https://www.eia.gov/international/analysis/country/irq,逐资产重查后，运营商、EITI或近期报道仍支持生产属性；2026年冲突造成的国家或区域减产不下推为每个油田停产。
伊拉克,Bai Hassan,拜哈桑,field,,producing,在产,2023—2026年最后可核实公开时点／再次复核2026-09-28,中,再次核实（证据存在时点或层级限制）,Iraq EITI 2021,https://eiti.org/sites/default/files/2024-01/Iraq%202021%20EITI%20Report.pdf,逐资产重查后，运营商、EITI或近期报道仍支持生产属性；2026年冲突造成的国家或区域减产不下推为每个油田停产。
伊拉克,Jambur,詹布尔,field,,producing,在产,2023—2026年最后可核实公开时点／再次复核2026-09-28,中,再次核实（证据存在时点或层级限制）,Iraq EITI 2021,https://eiti.org/sites/default/files/2024-01/Iraq%202021%20EITI%20Report.pdf,逐资产重查后，运营商、EITI或近期报道仍支持生产属性；2026年冲突造成的国家或区域减产不下推为每个油田停产。
伊拉克,Khabbaz,哈巴兹,field,,producing,在产,2023—2026年最后可核实公开时点／再次复核2026-09-28,中,再次核实（证据存在时点或层级限制）,Iraq EITI 2021,https://eiti.org/sites/default/files/2024-01/Iraq%202021%20EITI%20Report.pdf,逐资产重查后，运营商、EITI或近期报道仍支持生产属性；2026年冲突造成的国家或区域减产不下推为每个油田停产。
伊拉克,Qayyarah,盖亚拉,field,,producing,在产,2023—2026年最后可核实公开时点／再次复核2026-09-28,中,再次核实（证据存在时点或层级限制）,EIA Iraq,https://www.eia.gov/international/analysis/country/irq,逐资产重查后，运营商、EITI或近期报道仍支持生产属性；2026年冲突造成的国家或区域减产不下推为每个油田停产。
伊拉克,Najma,纳杰马,field,,non_producing,未生产,2023—2025年最后可核实公开时点,高,已核实（带时点）,Iraq EITI 2021,https://eiti.org/sites/default/files/2024-01/Iraq%202021%20EITI%20Report.pdf,EITI或运营商明确列为非生产／仅试井；开发活动不等于商业生产。
伊拉克,Tawke,陶凯,field,,producing,在产,2025年,高,已核实（带时点）,DNO 2025 Results,https://www.dno.no/en/operations/production-and-reserves/,DNO当前生产与储量页面及年度资料明确Tawke许可证的Tawke、Peshkabir两田在2025年贡献生产；披露的是许可证合计，不能拆成两田日产量。
伊拉克,Peshkabir,佩什卡比尔,field,,producing,在产,2025年,高,已核实（带时点）,DNO 2025 Results,https://www.dno.no/en/operations/production-and-reserves/,DNO当前生产与储量页面及年度资料明确Tawke许可证的Tawke、Peshkabir两田在2025年贡献生产；披露的是许可证合计，不能拆成两田日产量。
伊拉克,Taq Taq,塔克塔克,field,,ceased,停产／终止,2023-12-01,高,已核实（带时点）,Genel Q1 2024,https://genelenergy.com/wp-content/uploads/Genel-2024-Q1-trading-update.pdf,运营商披露停产或PSC终止；未找到后续复产的直接证据。
伊拉克,Sarta,萨尔塔,field,,ceased,停产／终止,2023-12-01,高,已核实（带时点）,Genel Q1 2024,https://genelenergy.com/wp-content/uploads/Genel-2024-Q1-trading-update.pdf,运营商披露停产或PSC终止；未找到后续复产的直接证据。
伊拉克,Shaikan,沙伊坎,field,,producing,在产,2023—2026年最后可核实公开时点／再次复核2026-09-28,中,再次核实（证据存在时点或层级限制）,Gulf Keystone H1 2026,https://www.gulfkeystone.com/2026-half-year-results-announcement/,逐资产重查后，运营商、EITI或近期报道仍支持生产属性；2026年冲突造成的国家或区域减产不下推为每个油田停产。
伊拉克,Atrush,阿特鲁什,field,,producing,在产,2023—2026年最后可核实公开时点／再次复核2026-09-28,中,再次核实（证据存在时点或层级限制）,ShaMaran Q2 2026,https://shamaranpetroleum.com/news/shamaran-reports-second-quarter-2026-results-122891/,逐资产重查后，运营商、EITI或近期报道仍支持生产属性；2026年冲突造成的国家或区域减产不下推为每个油田停产。
伊拉克,Sarsang,萨尔桑格,block,,producing,在产,2023—2026年最后可核实公开时点／再次复核2026-09-28,中,再次核实（证据存在时点或层级限制）,ShaMaran Q2 2026,https://shamaranpetroleum.com/news/shamaran-reports-second-quarter-2026-results-122891/,逐资产重查后，运营商、EITI或近期报道仍支持生产属性；2026年冲突造成的国家或区域减产不下推为每个油田停产。
伊拉克,Swara Tika,斯瓦拉蒂卡,field,Sarsang,producing,在产,2023—2026年最后可核实公开时点／再次复核2026-09-28,中,再次核实（证据存在时点或层级限制）,HKN Sarsang,https://www.hknenergy.com/,逐资产重查后，运营商、EITI或近期报道仍支持生产属性；2026年冲突造成的国家或区域减产不下推为每个油田停产。
伊拉克,East Swara Tika,东斯瓦拉蒂卡,field,Sarsang,producing,在产,2023—2026年最后可核实公开时点／再次复核2026-09-28,中,再次核实（证据存在时点或层级限制）,HKN Sarsang,https://www.hknenergy.com/,逐资产重查后，运营商、EITI或近期报道仍支持生产属性；2026年冲突造成的国家或区域减产不下推为每个油田停产。
伊拉克,Khurmala,胡尔马拉,field,,producing,在产,2023—2026年最后可核实公开时点／再次复核2026-09-28,中,再次核实（证据存在时点或层级限制）,Kurdistan Presidency 2025,https://presidency.gov.krd/en/statement-from-the-presidency-of-the-kurdistan-region-5/,逐资产重查后，运营商、EITI或近期报道仍支持生产属性；2026年冲突造成的国家或区域减产不下推为每个油田停产。
伊拉克,Baeshiqa,拜什卡,block,,non_producing,未生产,2023—2025年最后可核实公开时点,高,已核实（带时点）,DNO Kurdistan 2025,https://www.dno.no/en/operations/kurdistan-region-of-iraq/,EITI或运营商明确列为非生产／仅试井；开发活动不等于商业生产。
伊拉克,Eridu (Block 10),埃里杜／第十区块,field,,non_producing,未生产,2023—2025年最后可核实公开时点,高,已核实（带时点）,Iraq EITI 2023,https://eiti.org/documents/iraq-2023-eiti-report,EITI或运营商明确列为非生产／仅试井；开发活动不等于商业生产。
伊拉克,Faihaa,费哈,field,,producing,在产,2023—2026年最后可核实公开时点／再次复核2026-09-28,中,再次核实（证据存在时点或层级限制）,Shafaq News Faihaa,https://shafaq.com/en/Economy/Iraq-expands-oil-production-starts-drilling-in-border-region,逐资产重查后，运营商、EITI或近期报道仍支持生产属性；2026年冲突造成的国家或区域减产不下推为每个油田停产。
伊拉克,Fakkah,法卡（福基）,field,,producing,在产,2023—2026年最后可核实公开时点／再次复核2026-09-28,中,再次核实（证据存在时点或层级限制）,GEM Fakkah,https://www.gem.wiki/Fakkah_Oil_Field_(Iraq),逐资产重查后，运营商、EITI或近期报道仍支持生产属性；2026年冲突造成的国家或区域减产不下推为每个油田停产。
伊拉克,Bazerkan,巴泽尔坎,field,,producing,在产,2023—2026年最后可核实公开时点／再次复核2026-09-28,中,再次核实（证据存在时点或层级限制）,GEM Bazerkan,https://www.gem.wiki/Bazerkan_Oil_Field_(Iraq),逐资产重查后，运营商、EITI或近期报道仍支持生产属性；2026年冲突造成的国家或区域减产不下推为每个油田停产。
伊拉克,Abu Gharb,阿布加尔卜,field,,producing,在产,2023—2026年最后可核实公开时点／再次复核2026-09-28,中,再次核实（证据存在时点或层级限制）,GEM Abu Gharb,https://www.gem.wiki/Abu_Gharb_Oil_Field_(Iraq),逐资产重查后，运营商、EITI或近期报道仍支持生产属性；2026年冲突造成的国家或区域减产不下推为每个油田停产。
伊拉克,Luhais,卢海斯,field,,producing,在产,2023—2026年最后可核实公开时点／再次复核2026-09-28,中,再次核实（证据存在时点或层级限制）,Iraq EITI 2016,https://eiti.org/sites/default/files/attachments/iraq_2016_eiti_report.pdf,逐资产重查后，运营商、EITI或近期报道仍支持生产属性；2026年冲突造成的国家或区域减产不下推为每个油田停产。
伊拉克,Subba,苏巴,field,,producing,在产,2023—2026年最后可核实公开时点／再次复核2026-09-28,中,再次核实（证据存在时点或层级限制）,Iraq EITI 2021,https://eiti.org/sites/default/files/2024-01/Iraq%202021%20EITI%20Report.pdf,逐资产重查后，运营商、EITI或近期报道仍支持生产属性；2026年冲突造成的国家或区域减产不下推为每个油田停产。
伊拉克,Tuba,图巴,field,,producing,在产,2023—2026年最后可核实公开时点／再次复核2026-09-28,中,再次核实（证据存在时点或层级限制）,Iraq EITI 2016,https://eiti.org/sites/default/files/attachments/iraq_2016_eiti_report.pdf,逐资产重查后，运营商、EITI或近期报道仍支持生产属性；2026年冲突造成的国家或区域减产不下推为每个油田停产。
伊拉克,Ajil,阿吉勒,field,,producing,在产,2023—2026年最后可核实公开时点／再次复核2026-09-28,中,再次核实（证据存在时点或层级限制）,Iraq EITI 2021,https://eiti.org/sites/default/files/2024-01/Iraq%202021%20EITI%20Report.pdf,逐资产重查后，运营商、EITI或近期报道仍支持生产属性；2026年冲突造成的国家或区域减产不下推为每个油田停产。
伊拉克,Ain Zalah,艾因扎拉,field,,producing,在产,2022-03-30,中,再次核实（证据存在时点或层级限制）,Iraq EITI 2021,https://uomosul.edu.iq/petroleumengineering/%D8%B2%D9%8A%D8%A7%D8%B1%D8%A9-%D8%B9%D9%84%D9%85%D9%8A%D8%A9-5/,摩苏尔大学石油与采矿工程学院对两田的现场记录逐名说明，从油井、处理和湿油分离直至外输管线观察了产油流程；证据为2022年现场时点，未外推为2026年实时状态。
伊拉克,Batmah,巴特马,field,,producing,在产,2022-03-30,中,再次核实（证据存在时点或层级限制）,Iraq EITI 2021,https://uomosul.edu.iq/petroleumengineering/%D8%B2%D9%8A%D8%A7%D8%B1%D8%A9-%D8%B9%D9%84%D9%85%D9%8A%D8%A9-5/,摩苏尔大学石油与采矿工程学院对两田的现场记录逐名说明，从油井、处理和湿油分离直至外输管线观察了产油流程；证据为2022年现场时点，未外推为2026年实时状态。
伊拉克,Hamrin,哈姆林,field,,producing,在产,2023—2026年最后可核实公开时点／再次复核2026-09-28,中,再次核实（证据存在时点或层级限制）,Iraq EITI 2021,https://eiti.org/sites/default/files/2024-01/Iraq%202021%20EITI%20Report.pdf,逐资产重查后，运营商、EITI或近期报道仍支持生产属性；2026年冲突造成的国家或区域减产不下推为每个油田停产。
伊拉克,Naft Khana,纳夫特哈纳,field,,producing,在产,2023—2026年最后可核实公开时点／再次复核2026-09-28,中,再次核实（证据存在时点或层级限制）,Iraq EITI 2023,https://eiti.org/documents/iraq-2023-eiti-report,逐资产重查后，运营商、EITI或近期报道仍支持生产属性；2026年冲突造成的国家或区域减产不下推为每个油田停产。
伊拉克,Amara,阿马拉,field,,producing,在产,2023—2026年最后可核实公开时点／再次复核2026-09-28,中,再次核实（证据存在时点或层级限制）,Iraq EITI 2023,https://eiti.org/documents/iraq-2023-eiti-report,逐资产重查后，运营商、EITI或近期报道仍支持生产属性；2026年冲突造成的国家或区域减产不下推为每个油田停产。
伊拉克,Noor,努尔,field,,producing,在产,2023—2026年最后可核实公开时点／再次复核2026-09-28,中,再次核实（证据存在时点或层级限制）,Iraq EITI 2023,https://eiti.org/documents/iraq-2023-eiti-report,逐资产重查后，运营商、EITI或近期报道仍支持生产属性；2026年冲突造成的国家或区域减产不下推为每个油田停产。
伊拉克,Safiya,萨菲亚,field,,producing,在产,2023—2026年最后可核实公开时点／再次复核2026-09-28,中,再次核实（证据存在时点或层级限制）,Iraq EITI 2023,https://eiti.org/documents/iraq-2023-eiti-report,逐资产重查后，运营商、EITI或近期报道仍支持生产属性；2026年冲突造成的国家或区域减产不下推为每个油田停产。
伊朗,Ahvaz,阿瓦士,field,,producing,在产,2024—2026年最后可核实公开时点,中,再次核实（证据存在时点或层级限制）,EIA Iran,https://www.eia.gov/international/content/analysis/countries_long/Iran/pdf/Iran%20CAB%202024.pdf,EIA、SHANA或资产资料列为开发／运营资产；2026年地区冲突下不把出口量变化下推成单田停复产。
伊朗,Marun,马伦,field,,producing,在产,2024—2026年最后可核实公开时点,中,再次核实（证据存在时点或层级限制）,GEM Marun,https://www.gem.wiki/Marun_Oil_Field_(Iran),EIA、SHANA或资产资料列为开发／运营资产；2026年地区冲突下不把出口量变化下推成单田停复产。
伊朗,Aghajari,阿加贾里,field,,producing,在产,2024—2026年最后可核实公开时点,中,再次核实（证据存在时点或层级限制）,GEM Aghajari,https://www.gem.wiki/Aghajari_Oil_Field_(Iran),EIA、SHANA或资产资料列为开发／运营资产；2026年地区冲突下不把出口量变化下推成单田停复产。
伊朗,Gachsaran,加奇萨兰,field,,producing,在产,2024—2026年最后可核实公开时点,中,再次核实（证据存在时点或层级限制）,GEM Gachsaran,https://www.gem.wiki/Gachsaran_Oil_and_Gas_Field_(Iran),EIA、SHANA或资产资料列为开发／运营资产；2026年地区冲突下不把出口量变化下推成单田停复产。
伊朗,Reg-e-Safid,雷格萨菲德,field,,producing,在产,2024—2026年最后可核实公开时点,中,再次核实（证据存在时点或层级限制）,EIA Iran,https://www.eia.gov/international/content/analysis/countries_long/Iran/pdf/Iran%20CAB%202024.pdf,EIA、SHANA或资产资料列为开发／运营资产；2026年地区冲突下不把出口量变化下推成单田停复产。
伊朗,South Azadegan,南阿扎德甘,field,,producing,在产,2024—2026年最后可核实公开时点,中,再次核实（证据存在时点或层级限制）,GEM South Azadegan,https://www.gem.wiki/Azadegan_South_Oil_Field_(Iran),EIA、SHANA或资产资料列为开发／运营资产；2026年地区冲突下不把出口量变化下推成单田停复产。
伊朗,North Azadegan,北阿扎德甘,field,,producing,在产,2024—2026年最后可核实公开时点,中,再次核实（证据存在时点或层级限制）,Trend North Azadegan,https://www.trend.az/iran/business/3153217.html,EIA、SHANA或资产资料列为开发／运营资产；2026年地区冲突下不把出口量变化下推成单田停复产。
伊朗,Yadavaran,雅达瓦兰,field,,producing,在产,2024—2026年最后可核实公开时点,中,再次核实（证据存在时点或层级限制）,EIA Iran,https://www.eia.gov/international/content/analysis/countries_long/Iran/pdf/Iran%20CAB%202024.pdf,EIA、SHANA或资产资料列为开发／运营资产；2026年地区冲突下不把出口量变化下推成单田停复产。
伊朗,North Yaran,北亚兰,field,,producing,在产,2024—2026年最后可核实公开时点,中,再次核实（证据存在时点或层级限制）,EIA Iran,https://www.eia.gov/international/content/analysis/countries_long/Iran/pdf/Iran%20CAB%202024.pdf,EIA、SHANA或资产资料列为开发／运营资产；2026年地区冲突下不把出口量变化下推成单田停复产。
伊朗,South Yaran,南亚兰,field,,producing,在产,2024—2026年最后可核实公开时点,中,再次核实（证据存在时点或层级限制）,EIA Iran,https://www.eia.gov/international/content/analysis/countries_long/Iran/pdf/Iran%20CAB%202024.pdf,EIA、SHANA或资产资料列为开发／运营资产；2026年地区冲突下不把出口量变化下推成单田停复产。
伊朗,Azar,阿扎尔,field,,producing,在产,2024—2026年最后可核实公开时点,中,再次核实（证据存在时点或层级限制）,EIA Iran,https://www.eia.gov/international/content/analysis/countries_long/Iran/pdf/Iran%20CAB%202024.pdf,EIA、SHANA或资产资料列为开发／运营资产；2026年地区冲突下不把出口量变化下推成单田停复产。
伊朗,Darkhovin,达尔霍温,field,,producing,在产,2024—2026年最后可核实公开时点,中,再次核实（证据存在时点或层级限制）,EIA Iran,https://www.eia.gov/international/content/analysis/countries_long/Iran/pdf/Iran%20CAB%202024.pdf,EIA、SHANA或资产资料列为开发／运营资产；2026年地区冲突下不把出口量变化下推成单田停复产。
伊朗,Hendijan,亨迪詹,field,,producing,在产,2024—2026年最后可核实公开时点,中,再次核实（证据存在时点或层级限制）,EIA Iran,https://www.eia.gov/international/content/analysis/countries_long/Iran/pdf/Iran%20CAB%202024.pdf,EIA、SHANA或资产资料列为开发／运营资产；2026年地区冲突下不把出口量变化下推成单田停复产。
伊朗,Doroud,多鲁德,field,,producing,在产,2024—2026年最后可核实公开时点,中,再次核实（证据存在时点或层级限制）,EIA Iran,https://www.eia.gov/international/content/analysis/countries_long/Iran/pdf/Iran%20CAB%202024.pdf,EIA、SHANA或资产资料列为开发／运营资产；2026年地区冲突下不把出口量变化下推成单田停复产。
伊朗,Foroozan,福鲁赞,field,,producing,在产,2024—2026年最后可核实公开时点,中,再次核实（证据存在时点或层级限制）,EIA Iran,https://www.eia.gov/international/content/analysis/countries_long/Iran/pdf/Iran%20CAB%202024.pdf,EIA、SHANA或资产资料列为开发／运营资产；2026年地区冲突下不把出口量变化下推成单田停复产。
伊朗,Soroush,苏鲁什,field,,producing,在产,2024—2026年最后可核实公开时点,中,再次核实（证据存在时点或层级限制）,EIA Iran,https://www.eia.gov/international/content/analysis/countries_long/Iran/pdf/Iran%20CAB%202024.pdf,EIA、SHANA或资产资料列为开发／运营资产；2026年地区冲突下不把出口量变化下推成单田停复产。
伊朗,Nowruz,诺鲁兹,field,,producing,在产,2024—2026年最后可核实公开时点,中,再次核实（证据存在时点或层级限制）,EIA Iran,https://www.eia.gov/international/content/analysis/countries_long/Iran/pdf/Iran%20CAB%202024.pdf,EIA、SHANA或资产资料列为开发／运营资产；2026年地区冲突下不把出口量变化下推成单田停复产。
伊朗,Salman,萨尔曼,field,,producing,在产,2024—2026年最后可核实公开时点,中,再次核实（证据存在时点或层级限制）,EIA Iran,https://www.eia.gov/international/content/analysis/countries_long/Iran/pdf/Iran%20CAB%202024.pdf,EIA、SHANA或资产资料列为开发／运营资产；2026年地区冲突下不把出口量变化下推成单田停复产。
伊朗,Bibi Hakimeh,比比哈基梅,field,,producing,在产,2024—2026年最后可核实公开时点,中,再次核实（证据存在时点或层级限制）,GEM Bibi Hakimeh,https://www.gem.wiki/Bibi_Hakimeh_Oil_Field_(Iran),EIA、SHANA或资产资料列为开发／运营资产；2026年地区冲突下不把出口量变化下推成单田停复产。
伊朗,Karanj,卡兰吉,field,,producing,在产,2024—2026年最后可核实公开时点,中,再次核实（证据存在时点或层级限制）,GEM Karanj,https://www.gem.wiki/Karanj_Oil_Field_(Iran),EIA、SHANA或资产资料列为开发／运营资产；2026年地区冲突下不把出口量变化下推成单田停复产。
伊朗,Abuzar,阿布扎尔,field,,producing,在产,2024—2026年最后可核实公开时点,中,再次核实（证据存在时点或层级限制）,GEM Abuzar,https://www.gem.wiki/Abuzar_Oil_Field_(Iran),EIA、SHANA或资产资料列为开发／运营资产；2026年地区冲突下不把出口量变化下推成单田停复产。
伊朗,Mansouri,曼苏里,field,,producing,在产,2024—2026年最后可核实公开时点,中,再次核实（证据存在时点或层级限制）,GEM Mansouri,https://www.gem.wiki/Mansouri_Oil_Field_(Iran),EIA、SHANA或资产资料列为开发／运营资产；2026年地区冲突下不把出口量变化下推成单田停复产。
伊朗,Sepehr-Jufair,塞佩赫尔—朱费尔,project,,producing,在产,2024—2026年最后可核实公开时点,中,再次核实（证据存在时点或层级限制）,GEM Sepehr-Jufair,https://www.gem.wiki/Sepehr-Jufair_Oil_Field_(Iran),EIA、SHANA或资产资料列为开发／运营资产；2026年地区冲突下不把出口量变化下推成单田停复产。
伊朗,Parsi,帕西,field,,producing,在产,2024—2026年最后可核实公开时点,中,再次核实（证据存在时点或层级限制）,GEM Parsi,https://www.gem.wiki/Parsi_Oil_Field_(Iran),EIA、SHANA或资产资料列为开发／运营资产；2026年地区冲突下不把出口量变化下推成单田停复产。
伊朗,Bahregansar,巴赫雷甘萨尔,field,,producing,在产,2024—2026年最后可核实公开时点,中,再次核实（证据存在时点或层级限制）,GEM Bahregansar,https://www.gem.wiki/Bahregansar_Oil_Field_(Iran),EIA、SHANA或资产资料列为开发／运营资产；2026年地区冲突下不把出口量变化下推成单田停复产。
伊朗,Sirri E,锡里E,field,,producing,在产,2024—2026年最后可核实公开时点,中,再次核实（证据存在时点或层级限制）,GEM Sirri E,https://www.gem.wiki/Sirri_E_Oil_and_Gas_Field_(Iran),EIA、SHANA或资产资料列为开发／运营资产；2026年地区冲突下不把出口量变化下推成单田停复产。
伊朗,Masjed Soleyman,马斯杰德苏莱曼,field,,producing,在产,2024—2026年最后可核实公开时点,中,再次核实（证据存在时点或层级限制）,GEM Masjed Soleyman,https://www.gem.wiki/Masjed_Soleyman_Oil_Field_(Iran),EIA、SHANA或资产资料列为开发／运营资产；2026年地区冲突下不把出口量变化下推成单田停复产。
伊朗,Pazanan,帕扎南,field,,producing,在产,2024—2026年最后可核实公开时点,中,再次核实（证据存在时点或层级限制）,GEM Pazanan,https://www.gem.wiki/Pazanan_Oil_Field_(Iran),EIA、SHANA或资产资料列为开发／运营资产；2026年地区冲突下不把出口量变化下推成单田停复产。
伊朗,Kupal,库帕尔,field,,producing,在产,2024—2026年最后可核实公开时点,中,再次核实（证据存在时点或层级限制）,GEM Kupal,https://www.gem.wiki/Kupal_Oil_Field_(Iran),EIA、SHANA或资产资料列为开发／运营资产；2026年地区冲突下不把出口量变化下推成单田停复产。
伊朗,Dehloran,德赫洛兰,field,,producing,在产,2024—2026年最后可核实公开时点,中,再次核实（证据存在时点或层级限制）,GEM Dehloran,https://www.gem.wiki/Dehloran_Oil_Field_(Iran),EIA、SHANA或资产资料列为开发／运营资产；2026年地区冲突下不把出口量变化下推成单田停复产。
伊朗,Paranj,帕兰吉,field,,producing,在产,2024—2026年最后可核实公开时点,中,再次核实（证据存在时点或层级限制）,GEM Paranj,https://www.gem.wiki/Paranj_Oil_Field_(Iran),EIA、SHANA或资产资料列为开发／运营资产；2026年地区冲突下不把出口量变化下推成单田停复产。
伊朗,Nargesi,纳尔格西,field,,producing,在产,2024—2026年最后可核实公开时点,中,再次核实（证据存在时点或层级限制）,GEM Nargesi,https://www.gem.wiki/Nargesi_Oil_Field_(Iran),EIA、SHANA或资产资料列为开发／运营资产；2026年地区冲突下不把出口量变化下推成单田停复产。
伊朗,Hengam,亨加姆,field,,producing,在产,2025年资产状态／复核2026-09-28,中,再次核实（证据存在时点或层级限制）,SHANA Hengam 2010,https://www.gem.wiki/Hengam_Oil_and_Gas_Field_(Iran),当前油气资产跟踪器将Hengam列为Operating；逐田最新公开产量仍较旧。
伊朗,Band-e-Karkheh,班德卡尔赫,field,,development,开发／建设中,2026-02-21,高,已核实（带时点）,EIA Iran,https://mapnagroup.com/63236/mapna-officially-notified-of-ipc-contract-for-development-of-bande-karkheh-oil-field/?lang=en,MAPNA宣布开发合同完成审批并进入实施阶段；目标增产不当作当前实产。
伊朗,West Paydar,西帕伊达尔,field,,producing,在产,2026年资产报告,高,已核实（带时点）,EIA Iran,https://www.woodmac.com/reports/upstream-oil-and-gas-aban-and-west-paydar-ipc-54481312/,当前资产报告明确该田已生产多年并进入2025—2030加速开发阶段。
伊朗,Chehsmeh-Khosh,切什梅霍什,field,,producing,在产,2026-07-18,高,已核实（带时点）,EIA Iran,https://www.iranoilgas.com/trackers/?view=fieldstrackers,PEDEC信息显示CK-26井投产；2025年资料亦披露该田在产并增产。
伊朗,Danan,达南,field,,producing,在产,2025-03-04,中,再次核实（证据存在时点或层级限制）,EIA Iran,https://www.linkedin.com/posts/mapna-ogdc_%D9%85%D9%BE%D9%86%D8%A7-%D8%B5%D9%86%D8%B9%D8%AA%D9%86%D9%81%D8%AA-%D8%AA%D9%88%D8%B3%D8%B9%D9%87%D9%86%D8%AA%D9%88%DA%AF%D8%A7%D8%B2-activity-7303067532536500224-s-7Y,MAPNA项目公司披露Danan开发项目的新脱盐装置已接入生产并提升处理能力。
伊朗,Paydar,帕伊达尔,field,,unknown,待核实,2024-10-10／再次复核2026-09-28,中,再次核实（证据存在时点或层级限制）,EIA Iran,https://www.eia.gov/international/content/analysis/countries_long/Iran/pdf/Iran%20CAB%202024.pdf,EIA将Paydar与West Paydar分别列为NGL 3100拟收集伴生气的油田，确认它是独立资产；但该表描述的是拟建处理项目，不能单独证明Paydar当前正在产油，故保留待核实。
伊朗,Changuleh,昌古莱,field,,development,开发／建设中,2026-09-28,高,已核实（带时点）,EIA Iran,https://www.linkedin.com/company/mogdc,2025年成立的项目公司负责Changuleh全周期开发，目标产能尚不能作为当前产量。
伊朗,Dalpari,达尔帕里,field,,producing,在产,2026-07-18,高,已核实（带时点）,EIA Iran,https://www.iranoilgas.com/trackers/?view=fieldstrackers,PEDEC信息将Dalpari与Cheshmeh Khosh、East Paydar列入正在开发生产的项目组合并披露新井投产。
伊朗,South Pars,南帕尔斯,field,,producing,在产,2024—2026年最后可核实公开时点,中,再次核实（证据存在时点或层级限制）,EIA Iran,https://www.eia.gov/international/content/analysis/countries_long/Iran/pdf/Iran%20CAB%202024.pdf,EIA、SHANA或资产资料列为开发／运营资产；2026年地区冲突下不把出口量变化下推成单田停复产。
伊朗,Darquain,达尔昆,field,,producing,在产,2024—2026年最后可核实公开时点,中,再次核实（证据存在时点或层级限制）,GEM Darquain,https://www.gem.wiki/Darquain_Oil_Field_%28Iran%29,EIA、SHANA或资产资料列为开发／运营资产；2026年地区冲突下不把出口量变化下推成单田停复产。
科威特,Burgan,布尔干,field,,producing,在产,FY2024/25—2026年最后可核实公开时点,中,再次核实（证据存在时点或层级限制）,KOC / KPC,https://www.kockw.com/sites/EN/Pages/Profile/whoAreWe/KOC-History.aspx,KOC年报、分区运营资料或商业投产公告支持；2026年出口受扰不等于各田停产。
科威特,Magwa,马格瓦,field,,producing,在产,FY2024/25—2026年最后可核实公开时点,中,再次核实（证据存在时点或层级限制）,KOC / KPC,https://www.kockw.com/sites/EN/Pages/Profile/whoAreWe/KOC-History.aspx,KOC年报、分区运营资料或商业投产公告支持；2026年出口受扰不等于各田停产。
科威特,Ahmadi,艾哈迈迪,field,,producing,在产,FY2024/25—2026年最后可核实公开时点,中,再次核实（证据存在时点或层级限制）,KOC / KPC,https://www.kockw.com/sites/EN/Pages/Profile/whoAreWe/KOC-History.aspx,KOC年报、分区运营资料或商业投产公告支持；2026年出口受扰不等于各田停产。
科威特,Raudhatain,劳达泰因,field,,producing,在产,FY2024/25—2026年最后可核实公开时点,中,再次核实（证据存在时点或层级限制）,KOC / KPC,https://www.kockw.com/sites/EN/Pages/Profile/whoAreWe/KOC-History.aspx,KOC年报、分区运营资料或商业投产公告支持；2026年出口受扰不等于各田停产。
科威特,Sabriya,萨布里亚,field,,producing,在产,FY2024/25—2026年最后可核实公开时点,中,再次核实（证据存在时点或层级限制）,KOC / KPC,https://www.kockw.com/sites/EN/Pages/Profile/whoAreWe/KOC-History.aspx,KOC年报、分区运营资料或商业投产公告支持；2026年出口受扰不等于各田停产。
科威特,Bahra,巴赫拉,field,,producing,在产,FY2024/25—2026年最后可核实公开时点,中,再次核实（证据存在时点或层级限制）,KOC / KPC,https://www.kockw.com/sites/EN/Pages/Profile/whoAreWe/KOC-History.aspx,KOC年报、分区运营资料或商业投产公告支持；2026年出口受扰不等于各田停产。
科威特,Ratqa,拉特卡,field,,producing,在产,FY2024/25—2026年最后可核实公开时点,中,再次核实（证据存在时点或层级限制）,KOC / KPC,https://www.kockw.com/sites/EN/Pages/Profile/whoAreWe/KOC-History.aspx,KOC年报、分区运营资料或商业投产公告支持；2026年出口受扰不等于各田停产。
科威特,Umm Niqa,乌姆尼卡,field,,producing,在产,FY2024/25—2026年最后可核实公开时点,中,再次核实（证据存在时点或层级限制）,KOC Annual Report 2023-24,https://www.kockw.com/sites/EN/Annual%20Reports/2023%20-%202024%20English.pdf,KOC年报、分区运营资料或商业投产公告支持；2026年出口受扰不等于各田停产。
科威特,South Ratqa,南拉特卡,field,,producing,在产,FY2024/25—2026年最后可核实公开时点,中,再次核实（证据存在时点或层级限制）,KOC / KPC,https://www.kockw.com/sites/EN/Pages/Profile/whoAreWe/KOC-History.aspx,KOC年报、分区运营资料或商业投产公告支持；2026年出口受扰不等于各田停产。
科威特,Minagish,米纳吉什,field,,producing,在产,FY2024/25—2026年最后可核实公开时点,中,再次核实（证据存在时点或层级限制）,KOC / KPC,https://www.kockw.com/sites/EN/Pages/Profile/whoAreWe/KOC-History.aspx,KOC年报、分区运营资料或商业投产公告支持；2026年出口受扰不等于各田停产。
科威特,Umm Gudair,乌姆古代尔,field,,producing,在产,FY2024/25—2026年最后可核实公开时点,中,再次核实（证据存在时点或层级限制）,KOC / KPC,https://www.kockw.com/sites/EN/Pages/Profile/whoAreWe/KOC-History.aspx,KOC年报、分区运营资料或商业投产公告支持；2026年出口受扰不等于各田停产。
科威特,Abdali,阿卜达利,field,,producing,在产,FY2024/25—2026年最后可核实公开时点,中,再次核实（证据存在时点或层级限制）,KOC / KPC,https://www.kockw.com/sites/EN/Pages/Profile/whoAreWe/KOC-History.aspx,KOC年报、分区运营资料或商业投产公告支持；2026年出口受扰不等于各田停产。
科威特,Wafra,瓦夫拉,field,,producing,在产,FY2024/25—2026年最后可核实公开时点,中,再次核实（证据存在时点或层级限制）,KOC / KPC,https://www.kockw.com/sites/EN/Pages/Profile/whoAreWe/KOC-History.aspx,KOC年报、分区运营资料或商业投产公告支持；2026年出口受扰不等于各田停产。
科威特,Khafji,哈夫吉,field,,producing,在产,FY2024/25—2026年最后可核实公开时点,中,再次核实（证据存在时点或层级限制）,KOC / KPC,https://www.kockw.com/sites/EN/Pages/Profile/whoAreWe/KOC-History.aspx,KOC年报、分区运营资料或商业投产公告支持；2026年出口受扰不等于各田停产。
科威特,Nokhetha,诺赫萨,field,,discovered,已发现／待商业化,FY2024/25,高,已核实（带时点）,KOC Annual Report 2024-25,https://www.kockw.com/sites/EN/Annual%20Reports/2024-2025%20English.pdf,KOC将其列为发现；试井流量不等于持续商业生产。
科威特,Julaiah,朱莱亚,field,,discovered,已发现／待商业化,FY2024/25,高,已核实（带时点）,KOC Annual Report 2024-25,https://www.kockw.com/sites/EN/Annual%20Reports/2024-2025%20English.pdf,KOC将其列为发现；试井流量不等于持续商业生产。
科威特,Mutriba,穆特里巴,field,,producing,在产,FY2024/25—2026年最后可核实公开时点,中,再次核实（证据存在时点或层级限制）,KOC Mutriba,https://www.kockw.com/sites/EN/EMagazine/Pages/Events/1032.aspx,KOC年报、分区运营资料或商业投产公告支持；2026年出口受扰不等于各田停产。
科威特,Shaham,沙哈姆,field,,discovered,已发现／待商业化,FY2024/25,高,已核实（带时点）,KOC Annual Report 2024-25,https://www.kockw.com/sites/EN/Annual%20Reports/2024-2025%20English.pdf,KOC将其列为发现；试井流量不等于持续商业生产。
科威特,Kra-al-Maru,克拉马鲁,field,,producing,在产,FY2024/25—2026年最后可核实公开时点,中,再次核实（证据存在时点或层级限制）,KOC Annual Report 2024-25,https://www.kockw.com/sites/EN/Annual%20Reports/2024-2025%20English.pdf,KOC年报、分区运营资料或商业投产公告支持；2026年出口受扰不等于各田停产。
卡塔尔,Al Shaheen,阿尔沙欣,field,,producing,在产,2024年平均／协议期至2027年,高,已核实（带时点）,QatarEnergy,https://www.qatarenergy.qa/en/MediaCenter/Publications/QatarEnergy_Investors_Presentation_November_2025.pdf,QatarEnergy逐田产量、当前E&P资料或有效开发生产协议支持。
卡塔尔,Dukhan,杜汉,field,,producing,在产,2024年平均／协议期至2027年,高,已核实（带时点）,QatarEnergy,https://www.qatarenergy.qa/en/MediaCenter/Publications/QatarEnergy_Investors_Presentation_November_2025.pdf,QatarEnergy逐田产量、当前E&P资料或有效开发生产协议支持。
卡塔尔,Al-Rayyan,阿尔拉扬,field,,producing,在产,2024年平均／协议期至2027年,高,已核实（带时点）,QatarEnergy,https://www.qatarenergy.qa/en/MediaCenter/Publications/QatarEnergy_Investors_Presentation_November_2025.pdf,QatarEnergy逐田产量、当前E&P资料或有效开发生产协议支持。
卡塔尔,Al-Khaleej,阿尔哈利杰,field,,producing,在产,2024年平均／协议期至2027年,高,已核实（带时点）,QatarEnergy,https://www.qatarenergy.qa/en/MediaCenter/Publications/QatarEnergy_Investors_Presentation_November_2025.pdf,QatarEnergy逐田产量、当前E&P资料或有效开发生产协议支持。
卡塔尔,Idd El-Sharqi,伊德谢尔基,field,,producing,在产,2024年平均／协议期至2027年,高,已核实（带时点）,QatarEnergy,https://www.qatarenergy.qa/en/MediaCenter/Publications/QatarEnergy_Investors_Presentation_November_2025.pdf,QatarEnergy逐田产量、当前E&P资料或有效开发生产协议支持。
卡塔尔,Karkara,卡尔卡拉,field,,producing,在产,2024年平均／协议期至2027年,高,已核实（带时点）,QatarEnergy,https://www.qatarenergy.qa/en/MediaCenter/Publications/QatarEnergy_Investors_Presentation_November_2025.pdf,QatarEnergy逐田产量、当前E&P资料或有效开发生产协议支持。
卡塔尔,Maydan Mahzam,迈丹马赫赞,field,,producing,在产,2024年平均／协议期至2027年,高,已核实（带时点）,QatarEnergy,https://www.qatarenergy.qa/en/MediaCenter/Publications/QatarEnergy_Investors_Presentation_November_2025.pdf,QatarEnergy逐田产量、当前E&P资料或有效开发生产协议支持。
卡塔尔,Bul Hanine,布尔哈宁,field,,producing,在产,2024年平均／协议期至2027年,高,已核实（带时点）,QatarEnergy,https://www.qatarenergy.qa/en/MediaCenter/Publications/QatarEnergy_Investors_Presentation_November_2025.pdf,QatarEnergy逐田产量、当前E&P资料或有效开发生产协议支持。
卡塔尔,Al-Murjan,阿尔穆尔詹,field,,producing,在产,2024年平均／协议期至2027年,高,已核实（带时点）,QatarEnergy E&P,https://www.qatarenergy.qa/en/Whatwedo/Pages/ExplorationandProduction.aspx,QatarEnergy逐田产量、当前E&P资料或有效开发生产协议支持。
卡塔尔,North Field,北方气田,field,,producing,在产,2024年平均／协议期至2027年,高,已核实（带时点）,QatarEnergy,https://www.qatarenergy.qa/en/MediaCenter/Publications/QatarEnergy_Investors_Presentation_November_2025.pdf,QatarEnergy逐田产量、当前E&P资料或有效开发生产协议支持。
卡塔尔,A-Structures (A-North / A-South),A构造（A北／A南）,field_group,,producing,在产,2024年平均／协议期至2027年,高,已核实（带时点）,Qatar News Agency A-Structures,https://qna.org.qa/en/news/news-details?date=23%2F12%2F2022&id=0056-qatarenergy-signs-agreement-with-qpd-to-continue-al-karkara%2C-a-structures-offshore-fields-development-and-production,QatarEnergy逐田产量、当前E&P资料或有效开发生产协议支持。
卡塔尔,A-North,A北,field,A-Structures (A-North / A-South),producing,在产,2024年平均／协议期至2027年,高,已核实（带时点）,Qatar News Agency A-Structures,https://qna.org.qa/en/news/news-details?date=23%2F12%2F2022&id=0056-qatarenergy-signs-agreement-with-qpd-to-continue-al-karkara%2C-a-structures-offshore-fields-development-and-production,QatarEnergy逐田产量、当前E&P资料或有效开发生产协议支持。
卡塔尔,A-South,A南,field,A-Structures (A-North / A-South),producing,在产,2024年平均／协议期至2027年,高,已核实（带时点）,Qatar News Agency A-Structures,https://qna.org.qa/en/news/news-details?date=23%2F12%2F2022&id=0056-qatarenergy-signs-agreement-with-qpd-to-continue-al-karkara%2C-a-structures-offshore-fields-development-and-production,QatarEnergy逐田产量、当前E&P资料或有效开发生产协议支持。
阿曼,Mukhaizna,穆凯兹奈,field,,producing,在产,2024—2026年最后可核实公开时点／再次复核2026-09-28,中,再次核实（证据存在时点或层级限制）,Occidental Oman,https://www.oxy.com/operations/performance-production/,逐资产重查后，PDO、OQEP、Oxy或Daleel资料仍支持生产资产／生产区块属性；区块合计不拆给单田。
阿曼,Yibal,伊巴尔,field,,producing,在产,2024—2026年最后可核实公开时点／再次复核2026-09-28,中,再次核实（证据存在时点或层级限制）,GEM Yibal,https://www.gem.wiki/Yibal_Oil_and_Gas_Field_(Oman),逐资产重查后，PDO、OQEP、Oxy或Daleel资料仍支持生产资产／生产区块属性；区块合计不拆给单田。
阿曼,Natih,纳蒂赫,field,,producing,在产,2024—2026年最后可核实公开时点／再次复核2026-09-28,中,再次核实（证据存在时点或层级限制）,PDO,https://www.pdo.co.om/en/Pages/WhoWeAre/OurJourney.aspx,逐资产重查后，PDO、OQEP、Oxy或Daleel资料仍支持生产资产／生产区块属性；区块合计不拆给单田。
阿曼,Fahud,法胡德,field,,producing,在产,2024—2026年最后可核实公开时点／再次复核2026-09-28,中,再次核实（证据存在时点或层级限制）,PDO,https://www.pdo.co.om/en/Pages/WhoWeAre/OurJourney.aspx,逐资产重查后，PDO、OQEP、Oxy或Daleel资料仍支持生产资产／生产区块属性；区块合计不拆给单田。
阿曼,Qarn Alam,卡恩阿拉姆,field,,producing,在产,2024—2026年最后可核实公开时点／再次复核2026-09-28,中,再次核实（证据存在时点或层级限制）,PDO,https://www.pdo.co.om/en/Pages/WhoWeAre/OurJourney.aspx,逐资产重查后，PDO、OQEP、Oxy或Daleel资料仍支持生产资产／生产区块属性；区块合计不拆给单田。
阿曼,Marmul,马尔穆勒,field,,producing,在产,2024—2026年最后可核实公开时点／再次复核2026-09-28,中,再次核实（证据存在时点或层级限制）,PDO,https://www.pdo.co.om/en/Pages/WhoWeAre/OurJourney.aspx,逐资产重查后，PDO、OQEP、Oxy或Daleel资料仍支持生产资产／生产区块属性；区块合计不拆给单田。
阿曼,Nimr,尼姆尔,field,,producing,在产,2024—2026年最后可核实公开时点／再次复核2026-09-28,中,再次核实（证据存在时点或层级限制）,PDO,https://www.pdo.co.om/en/Pages/WhoWeAre/OurJourney.aspx,逐资产重查后，PDO、OQEP、Oxy或Daleel资料仍支持生产资产／生产区块属性；区块合计不拆给单田。
阿曼,Lekhwair,莱赫韦尔,field,,producing,在产,2024—2026年最后可核实公开时点／再次复核2026-09-28,中,再次核实（证据存在时点或层级限制）,PDO,https://www.pdo.co.om/en/Pages/WhoWeAre/OurJourney.aspx,逐资产重查后，PDO、OQEP、Oxy或Daleel资料仍支持生产资产／生产区块属性；区块合计不拆给单田。
阿曼,Bahja,巴赫贾,field,,producing,在产,2024—2026年最后可核实公开时点／再次复核2026-09-28,中,再次核实（证据存在时点或层级限制）,PDO,https://www.pdo.co.om/en/Pages/WhoWeAre/OurJourney.aspx,逐资产重查后，PDO、OQEP、Oxy或Daleel资料仍支持生产资产／生产区块属性；区块合计不拆给单田。
阿曼,Harweel,哈维尔,field_group,,producing,在产,2024—2026年最后可核实公开时点／再次复核2026-09-28,中,再次核实（证据存在时点或层级限制）,PDO,https://www.pdo.co.om/en/Pages/WhoWeAre/OurJourney.aspx,逐资产重查后，PDO、OQEP、Oxy或Daleel资料仍支持生产资产／生产区块属性；区块合计不拆给单田。
阿曼,Amal,阿迈勒,field,,producing,在产,2024—2026年最后可核实公开时点／再次复核2026-09-28,中,再次核实（证据存在时点或层级限制）,PDO,https://www.pdo.co.om/en/Pages/WhoWeAre/OurJourney.aspx,逐资产重查后，PDO、OQEP、Oxy或Daleel资料仍支持生产资产／生产区块属性；区块合计不拆给单田。
阿曼,Zalzala,扎尔扎拉,field,Harweel,producing,在产,2024—2026年最后可核实公开时点／再次复核2026-09-28,中,再次核实（证据存在时点或层级限制）,PDO Sustainability 2024,https://www.pdo.co.om/en/PDOSERVICES/Sustainability%20Report%202024%20English.pdf,逐资产重查后，PDO、OQEP、Oxy或Daleel资料仍支持生产资产／生产区块属性；区块合计不拆给单田。
阿曼,Haima West,海马西,field,Marmul,producing,在产,2024—2026年最后可核实公开时点／再次复核2026-09-28,中,再次核实（证据存在时点或层级限制）,PDO Sustainability 2024,https://www.pdo.co.om/en/PDOSERVICES/Sustainability%20Report%202024%20English.pdf,逐资产重查后，PDO、OQEP、Oxy或Daleel资料仍支持生产资产／生产区块属性；区块合计不拆给单田。
阿曼,Al Noor,努尔,field,Nimr,producing,在产,2024—2026年最后可核实公开时点／再次复核2026-09-28,中,再次核实（证据存在时点或层级限制）,PDO Sustainability 2024,https://www.pdo.co.om/en/PDOSERVICES/Sustainability%20Report%202024%20English.pdf,逐资产重查后，PDO、OQEP、Oxy或Daleel资料仍支持生产资产／生产区块属性；区块合计不拆给单田。
阿曼,Nimr-A,尼姆尔A,field,Nimr,producing,在产,2024—2026年最后可核实公开时点／再次复核2026-09-28,中,再次核实（证据存在时点或层级限制）,PDO Sustainability 2024,https://www.pdo.co.om/en/PDOSERVICES/Sustainability%20Report%202024%20English.pdf,逐资产重查后，PDO、OQEP、Oxy或Daleel资料仍支持生产资产／生产区块属性；区块合计不拆给单田。
阿曼,Nimr-E,尼姆尔E,field,Nimr,producing,在产,2024—2026年最后可核实公开时点／再次复核2026-09-28,中,再次核实（证据存在时点或层级限制）,PDO Sustainability 2024,https://www.pdo.co.om/en/PDOSERVICES/Sustainability%20Report%202024%20English.pdf,逐资产重查后，PDO、OQEP、Oxy或Daleel资料仍支持生产资产／生产区块属性；区块合计不拆给单田。
阿曼,Budour Northeast,布杜尔东北,field,,discovered,已发现／待商业化,2024—2026年最后可核实公开时点,中,再次核实（证据存在时点或层级限制）,PDO,https://www.pdo.co.om/en/Pages/WhoWeAre/OurJourney.aspx,运营商列为发现或待开发，未取得商业生产直接证据。
阿曼,Block 50 (Masirah),50区块（马西拉）,block,,producing,在产,2026年3月,高,已核实（带时点）,Masirah Oil Yumna,https://www.masirahoil.om/post/production-update-march-2026,Masirah Oil逐月公告明确Yumna在2026年3月31天生产期平均742桶/日，并说明其为Block 50运营商且持有100%权益；该值属于Yumna单田，不反推区块内其他资产。
阿曼,Yumna,尤姆纳,field,Block 50 (Masirah),producing,在产,2026年3月,高,已核实（带时点）,Masirah Oil Yumna,https://www.masirahoil.om/post/production-update-march-2026,Masirah Oil逐月公告明确Yumna在2026年3月31天生产期平均742桶/日，并说明其为Block 50运营商且持有100%权益；该值属于Yumna单田，不反推区块内其他资产。
阿曼,Bisat,比萨特,field,,producing,在产,2025-12-31,高,已核实（带时点）,OQ / GEM Bisat,https://oqep.om/UploadsAll/IRFiles/1781008603725OQEP_2025_Annual_Report.pdf,OQEP 2025年报确认Bisat C扩建投运，Block 60年末总产量超过70千桶油当量/日；区块合计与处理能力均不拆给Bisat单田。
阿曼,Block 5 (Daleel),5区块（Daleel）,block,,producing,在产,2024—2026年最后可核实公开时点／再次复核2026-09-28,中,再次核实（证据存在时点或层级限制）,Daleel Petroleum,https://daleelpetroleum.com/operational-excellence/production,逐资产重查后，PDO、OQEP、Oxy或Daleel资料仍支持生产资产／生产区块属性；区块合计不拆给单田。
阿曼,Daleel,达利勒,field,Block 5 (Daleel),producing,在产,2024—2026年最后可核实公开时点／再次复核2026-09-28,中,再次核实（证据存在时点或层级限制）,Daleel Petroleum,https://daleelpetroleum.com/operational-excellence/production,逐资产重查后，PDO、OQEP、Oxy或Daleel资料仍支持生产资产／生产区块属性；区块合计不拆给单田。
阿曼,Shadi,沙迪,field,Block 5 (Daleel),producing,在产,2024—2026年最后可核实公开时点／再次复核2026-09-28,中,再次核实（证据存在时点或层级限制）,Daleel Petroleum,https://daleelpetroleum.com/operational-excellence/production,逐资产重查后，PDO、OQEP、Oxy或Daleel资料仍支持生产资产／生产区块属性；区块合计不拆给单田。
阿曼,Bushra,布什拉,field,Block 5 (Daleel),producing,在产,2024—2026年最后可核实公开时点／再次复核2026-09-28,中,再次核实（证据存在时点或层级限制）,Daleel Petroleum,https://daleelpetroleum.com/operational-excellence/production,逐资产重查后，PDO、OQEP、Oxy或Daleel资料仍支持生产资产／生产区块属性；区块合计不拆给单田。
阿曼,Mazoon,马祖恩,field,Block 5 (Daleel),producing,在产,2024—2026年最后可核实公开时点／再次复核2026-09-28,中,再次核实（证据存在时点或层级限制）,Daleel Petroleum,https://daleelpetroleum.com/operational-excellence/production,逐资产重查后，PDO、OQEP、Oxy或Daleel资料仍支持生产资产／生产区块属性；区块合计不拆给单田。
阿曼,Furat,富拉特,field,Block 5 (Daleel),producing,在产,2024—2026年最后可核实公开时点／再次复核2026-09-28,中,再次核实（证据存在时点或层级限制）,Daleel Petroleum,https://daleelpetroleum.com/operational-excellence/production,逐资产重查后，PDO、OQEP、Oxy或Daleel资料仍支持生产资产／生产区块属性；区块合计不拆给单田。
阿曼,Thahab,扎哈卜,field,Block 5 (Daleel),producing,在产,2024—2026年最后可核实公开时点／再次复核2026-09-28,中,再次核实（证据存在时点或层级限制）,Daleel 2023,https://daleelpetroleum.com/media/news/2023/daleel-petroleum-a-journey-of-excellence,逐资产重查后，PDO、OQEP、Oxy或Daleel资料仍支持生产资产／生产区块属性；区块合计不拆给单田。
阿曼,Block 9 (Oman),9区块（阿曼）,block,,producing,在产,2024—2026年最后可核实公开时点／再次复核2026-09-28,中,再次核实（证据存在时点或层级限制）,Occidental Oman,https://www.oxy.com/operations/performance-production/,逐资产重查后，PDO、OQEP、Oxy或Daleel资料仍支持生产资产／生产区块属性；区块合计不拆给单田。
阿曼,Block 27 (Oman),27区块（阿曼）,block,,producing,在产,2024—2026年最后可核实公开时点／再次复核2026-09-28,中,再次核实（证据存在时点或层级限制）,Occidental Oman,https://www.oxy.com/operations/performance-production/,逐资产重查后，PDO、OQEP、Oxy或Daleel资料仍支持生产资产／生产区块属性；区块合计不拆给单田。
阿曼,Safah,萨法,field,Block 9 (Oman),producing,在产,2024—2026年最后可核实公开时点／再次复核2026-09-28,中,再次核实（证据存在时点或层级限制）,Occidental Oman,https://www.oxy.com/operations/performance-production/,逐资产重查后，PDO、OQEP、Oxy或Daleel资料仍支持生产资产／生产区块属性；区块合计不拆给单田。
阿曼,Wadi Latham,瓦迪拉萨姆,field,Block 9 (Oman),producing,在产,2024—2026年最后可核实公开时点／再次复核2026-09-28,中,再次核实（证据存在时点或层级限制）,Occidental Oman,https://www.oxy.com/operations/performance-production/,逐资产重查后，PDO、OQEP、Oxy或Daleel资料仍支持生产资产／生产区块属性；区块合计不拆给单田。
阿曼,Khamilah,哈米拉,field,Block 27 (Oman),producing,在产,2024—2026年最后可核实公开时点／再次复核2026-09-28,中,再次核实（证据存在时点或层级限制）,Occidental Oman,https://www.oxy.com/operations/performance-production/,逐资产重查后，PDO、OQEP、Oxy或Daleel资料仍支持生产资产／生产区块属性；区块合计不拆给单田。
阿曼,Wadi Aswad North,瓦迪阿斯瓦德北,field,,discovered,已发现／待商业化,2024—2026年最后可核实公开时点,中,再次核实（证据存在时点或层级限制）,Occidental Oman,https://www.oxy.com/operations/performance-production/,运营商列为发现或待开发，未取得商业生产直接证据。
阿曼,Safah North B,萨法北B,field,,discovered,已发现／待商业化,2024—2026年最后可核实公开时点,中,再次核实（证据存在时点或层级限制）,Occidental Oman,https://www.oxy.com/operations/performance-production/,运营商列为发现或待开发，未取得商业生产直接证据。
阿曼,Block 8 (Oman),8区块（阿曼）,block,,producing,在产,2024—2026年最后可核实公开时点／再次复核2026-09-28,中,再次核实（证据存在时点或层级限制）,OQEP Operations,https://www.oqep.om/operation,逐资产重查后，PDO、OQEP、Oxy或Daleel资料仍支持生产资产／生产区块属性；区块合计不拆给单田。
阿曼,Block 7 (Oman),7区块（阿曼）,block,,producing,在产,2024—2026年最后可核实公开时点／再次复核2026-09-28,中,再次核实（证据存在时点或层级限制）,OQEP Operations,https://www.oqep.om/operation,逐资产重查后，PDO、OQEP、Oxy或Daleel资料仍支持生产资产／生产区块属性；区块合计不拆给单田。
阿曼,Block 60 (Oman),60区块（阿曼）,block,,producing,在产,2025-12-31,高,已核实（带时点）,OQEP Operations,https://oqep.om/UploadsAll/IRFiles/1781008603725OQEP_2025_Annual_Report.pdf,OQEP 2025年报确认Bisat C扩建投运，Block 60年末总产量超过70千桶油当量/日；区块合计与处理能力均不拆给Bisat单田。
阿曼,Block 61 (Oman),61区块（阿曼）,block,,producing,在产,2024—2026年最后可核实公开时点／再次复核2026-09-28,中,再次核实（证据存在时点或层级限制）,OQEP Operations,https://www.oqep.om/operation,逐资产重查后，PDO、OQEP、Oxy或Daleel资料仍支持生产资产／生产区块属性；区块合计不拆给单田。
阿曼,West Bukha,西布哈,field,Block 8 (Oman),producing,在产,2024—2026年最后可核实公开时点／再次复核2026-09-28,中,再次核实（证据存在时点或层级限制）,OQEP Operations,https://www.oqep.om/operation,逐资产重查后，PDO、OQEP、Oxy或Daleel资料仍支持生产资产／生产区块属性；区块合计不拆给单田。
阿曼,Bukha,布哈,field,Block 8 (Oman),producing,在产,2024—2026年最后可核实公开时点／再次复核2026-09-28,中,再次核实（证据存在时点或层级限制）,OQEP Operations,https://www.oqep.om/operation,逐资产重查后，PDO、OQEP、Oxy或Daleel资料仍支持生产资产／生产区块属性；区块合计不拆给单田。
阿曼,Sahma,萨赫马,field,Block 7 (Oman),producing,在产,2024—2026年最后可核实公开时点／再次复核2026-09-28,中,再次核实（证据存在时点或层级限制）,OQEP Operations,https://www.oqep.om/operation,逐资产重查后，PDO、OQEP、Oxy或Daleel资料仍支持生产资产／生产区块属性；区块合计不拆给单田。
阿曼,Abu Butabul,阿布布塔布尔,field,Block 60 (Oman),producing,在产,2024—2026年最后可核实公开时点／再次复核2026-09-28,中,再次核实（证据存在时点或层级限制）,OQEP Operations,https://www.oqep.om/operation,逐资产重查后，PDO、OQEP、Oxy或Daleel资料仍支持生产资产／生产区块属性；区块合计不拆给单田。
阿曼,Khazzan,哈赞,field,Block 61 (Oman),producing,在产,2024—2026年最后可核实公开时点／再次复核2026-09-28,中,再次核实（证据存在时点或层级限制）,OQEP Operations,https://www.oqep.om/operation,逐资产重查后，PDO、OQEP、Oxy或Daleel资料仍支持生产资产／生产区块属性；区块合计不拆给单田。
阿曼,Ghazeer,加泽尔,field,Block 61 (Oman),producing,在产,2024—2026年最后可核实公开时点／再次复核2026-09-28,中,再次核实（证据存在时点或层级限制）,OQEP Operations,https://www.oqep.om/operation,逐资产重查后，PDO、OQEP、Oxy或Daleel资料仍支持生产资产／生产区块属性；区块合计不拆给单田。
巴林,Bahrain Field (Awali),巴林／阿瓦利油田,field,,producing,在产,2025年运营资料／2026-09-28审计,中,再次核实（证据存在时点或层级限制）,UNFCCC Bahrain BTR,https://unfccc.int/sites/default/files/resource/30112025_Bahrain%27s_BTR1_2024_to_the_UNFCCC_vSubmitted.pdf,Bapco当前上游资料和跨境田资料支持生产属性；产能不等于实际日产量。
巴林,Abu Safah,阿布萨法,field,,producing,在产,2025年运营资料／2026-09-28审计,中,再次核实（证据存在时点或层级限制）,Bapco Abu Safah,https://www.bapco.net/en/page/crude-and-petroleum-products,Bapco当前上游资料和跨境田资料支持生产属性；产能不等于实际日产量。
也门,Block 14 (Masila),14区块（马西拉）,block,,temporarily_suspended,暂停生产,2025-12-01／复核至2026-09-28,中,再次核实（证据存在时点或层级限制）,Yemen Ministry of Oil,https://en.ypagency.net/377792,PetroMasila声明因安全局势全面停止Block 14生产炼制，并同时停止Block 10生产；未找到其后复产的直接公告。
也门,Block 10 (East Shabwa),10区块（东舍卜瓦）,block,,temporarily_suspended,暂停生产,2025-12-01／复核至2026-09-28,中,再次核实（证据存在时点或层级限制）,Yemen Ministry of Oil,https://en.ypagency.net/377792,PetroMasila声明因安全局势全面停止Block 14生产炼制，并同时停止Block 10生产；未找到其后复产的直接公告。
也门,Block 32 (Hawareem),32区块（哈瓦里姆）,block,,non_producing,未生产,2015-03-31／复核至2026-09-28,中,再次核实（证据存在时点或层级限制）,Yemen Ministry of Oil,https://www.dno.no/en/investors/announcements/dno-asa-yemen-operations-update/,DNO官方公告因安全恶化暂停Block 32生产；其后未找到复产证据，故按当前非生产处理而非沿用历史产量。
也门,Tasour,塔苏尔,field,Block 32 (Hawareem),non_producing,未生产,2015-03-31／复核至2026-09-28,中,再次核实（证据存在时点或层级限制）,Yemen PEPA Production Plan,https://www.dno.no/en/investors/announcements/dno-asa-yemen-operations-update/,DNO官方公告因安全恶化暂停Block 32生产；其后未找到复产证据，故按当前非生产处理而非沿用历史产量。
也门,Godah,戈达,field,Block 32 (Hawareem),non_producing,未生产,2015-03-31／复核至2026-09-28,中,再次核实（证据存在时点或层级限制）,Yemen PEPA Production Plan,https://www.dno.no/en/investors/announcements/dno-asa-yemen-operations-update/,DNO官方公告因安全恶化暂停Block 32生产；其后未找到复产证据，故按当前非生产处理而非沿用历史产量。
也门,Block 18 (Marib),18区块（马里卜）,block,,producing,在产,运营商网页复核2026-09-28,高,已核实（带时点）,Yemen EIA,https://sepocye.com/en/DefaultDET.aspx?SUB_ID=81,SEPOC称其为也门第二大产油商，Block 18生产设施页明确Alif等16田原油流入处理系统。
也门,Alif,阿利夫,field,Block 18 (Marib),producing,在产,运营商网页复核2026-09-28,高,已核实（带时点）,Yemen Ministry of Oil,https://sepocye.com/en/DefaultDET.aspx?SUB_ID=81,SEPOC称其为也门第二大产油商，Block 18生产设施页明确Alif等16田原油流入处理系统。
也门,Block 5 (Jannah),5区块（詹纳）,block,,producing,在产,运营商网页复核2026-09-28,高,已核实（带时点）,Yemen PEPA Block 5,https://www.jhocyemen.com/our-operations/,JHOC当前运营页明确Block 5原油在Halewah中央处理设施稳定并达到管输规格。
也门,Block S2 (Uqlah),S2区块（乌克拉）,block,,temporarily_suspended,暂停生产,2023年中／报告更新至2025-11,高,已核实（带时点）,Yemen PEPA Production Plan,https://www.woodmac.com/reports/upstream-oil-and-gas-al-uqlah-block-s2-1303840,当前资产报告明确Block S2生产在2023年中再次暂停；Habban是该区块唯一油田。
也门,Habban,哈班,field,Block S2 (Uqlah),temporarily_suspended,暂停生产,2023年中／报告更新至2025-11,高,已核实（带时点）,Yemen EIA,https://www.woodmac.com/reports/upstream-oil-and-gas-al-uqlah-block-s2-1303840,当前资产报告明确Block S2生产在2023年中再次暂停；Habban是该区块唯一油田。
也门,Block 9 (Malik),9区块（马利克）,block,,producing,在产,运营商网页复核2026-09-28,中,再次核实（证据存在时点或层级限制）,Yemen EIA,https://www.petsec.com.au/operations/yemen-leases/,当前运营资料称Block 9约产6500桶/日，并明确Hiswah与Al Roidhat为生产体系组成田。
也门,Hiswah (Haswa),希斯瓦（Haswa）,field,Block 9 (Malik),producing,在产,运营商网页复核2026-09-28,中,再次核实（证据存在时点或层级限制）,Yemen PEPA Production Plan,https://www.petsec.com.au/operations/yemen-leases/,当前运营资料称Block 9约产6500桶/日，并明确Hiswah与Al Roidhat为生产体系组成田。
也门,Alroidhat (Al-Rowedhat),阿尔罗伊达特,field,Block 9 (Malik),producing,在产,运营商网页复核2026-09-28,中,再次核实（证据存在时点或层级限制）,Yemen PEPA Production Plan,https://www.petsec.com.au/operations/yemen-leases/,当前运营资料称Block 9约产6500桶/日，并明确Hiswah与Al Roidhat为生产体系组成田。
也门,Qarn Qeamah,卡恩·基阿马,field,Block 9 (Malik),discovered,已发现／待商业化,运营商网页复核2026-09-28,中,再次核实（证据存在时点或层级限制）,Yemen PEPA Production Plan,https://www.calvalleypetroleum.com/current-production/,运营商将Qarn Qaymah列为气、凝析油和原油的contingent discovery，而非当前生产田。
叙利亚,Rmeilan Sector One,鲁迈兰第一作业区,field_group,,producing,在产,2026-02-11／2026-02-22,高,已核实（带时点）,Rudaw Rmeilan Sector One,https://www.rudaw.net/english/categories/syria/933427,近期现场采访给出作业区或单田实际产量。
叙利亚,Al-Omar,奥马尔,field,,producing,在产,2026-02-11／2026-02-22,高,已核实（带时点）,Le Monde Al-Omar 2026,https://www.lemonde.fr/en/economy/article/2026/02/22/the-syrian-oil-sector-s-year-zero_6750756_19.html,近期现场采访给出作业区或单田实际产量。
叙利亚,Al-Tanak,塔纳克,field,,producing,在产,2026-01-25,高,已核实（带时点）,Syria public reporting,https://sana.sy/en/economic/2292355/,SANA确认来自Al-Omar与Al-Tanak的原油已运抵Baniyas炼厂。
叙利亚,Al-Jafra,贾夫拉,field,,development,开发／建设中,2026-01-21,中,再次核实（证据存在时点或层级限制）,Syria public reporting,https://en.zamanalwsl.net/news/article/70852/,SPC技术团队现场检查Al-Jafra并评估恢复、改造和潜在合作，当前更适合标为再开发而非直接推定稳定在产。
叙利亚,Al-Ward,瓦尔德,field,,producing,在产,2026年资产状态,中,再次核实（证据存在时点或层级限制）,Syria public reporting,https://www.gem.wiki/Ward_Oil_Field_(Syria),当前油气资产跟踪器将Al-Ward列为operating；缺少可靠逐田日产量。
叙利亚,Al-Taym,泰姆,field,,producing,在产,2026-01-26,高,已核实（带时点）,Syria public reporting,https://sana.sy/en/economic/2292574/,SANA称技术团队正在Al-Taym等田监督开采、装运和运输作业。
叙利亚,Rmeilan,鲁迈兰,field,Rmeilan Sector One,producing,在产,2026-03-04,高,已核实（带时点）,Syria public reporting,https://sana.sy/es/economy/2298482/,SANA确认SPC已在Rmeilan、Suwaydiya及Hasakeh其他点位开始原油开采。
叙利亚,Suwaydiya,苏韦迪耶,field,Rmeilan Sector One,producing,在产,2026-03-04,高,已核实（带时点）,Syria public reporting,https://sana.sy/es/economy/2298482/,SANA确认SPC已在Rmeilan、Suwaydiya及Hasakeh其他点位开始原油开采。
叙利亚,Qarachok,卡拉乔克,field,Rmeilan Sector One,development,开发／建设中,2026-08-04／复核2026-09-28,中,再次核实（证据存在时点或层级限制）,Rudaw Rmeilan Sector One,https://hknsyria.com/,HKN Syria列明已接手并运营八个田；现场工作以修井、新钻井和设施修复为主，因此按开发／复产阶段处理，不把作业区总量下推。
叙利亚,Hamza,哈姆扎,field,Rmeilan Sector One,development,开发／建设中,2026-08-04／复核2026-09-28,中,再次核实（证据存在时点或层级限制）,Rudaw Rmeilan Sector One,https://hknsyria.com/,HKN Syria列明已接手并运营八个田；现场工作以修井、新钻井和设施修复为主，因此按开发／复产阶段处理，不把作业区总量下推。
叙利亚,Alyan,阿利扬,field,Rmeilan Sector One,development,开发／建设中,2026-08-04／复核2026-09-28,中,再次核实（证据存在时点或层级限制）,Rudaw Rmeilan Sector One,https://hknsyria.com/,HKN Syria列明已接手并运营八个田；现场工作以修井、新钻井和设施修复为主，因此按开发／复产阶段处理，不把作业区总量下推。
叙利亚,Sazabeh,萨扎贝,field,Rmeilan Sector One,development,开发／建设中,2026-08-04／复核2026-09-28,中,再次核实（证据存在时点或层级限制）,Rudaw Rmeilan Sector One,https://hknsyria.com/,HKN Syria列明已接手并运营八个田；现场工作以修井、新钻井和设施修复为主，因此按开发／复产阶段处理，不把作业区总量下推。
叙利亚,Ode,奥德,field,Rmeilan Sector One,development,开发／建设中,2026-08-04／复核2026-09-28,中,再次核实（证据存在时点或层级限制）,Rudaw Rmeilan Sector One,https://hknsyria.com/,HKN Syria列明已接手并运营八个田；现场工作以修井、新钻井和设施修复为主，因此按开发／复产阶段处理，不把作业区总量下推。
叙利亚,Tigris,底格里斯,field,Rmeilan Sector One,producing,在产,2026-04-09,中,再次核实（证据存在时点或层级限制）,Rudaw Rmeilan Sector One,https://sana.sy/es/economy/2304911/,叙利亚官方通讯社称哈塞克省Dejla（Tigris）油田群产量提高30%，并说明其属于Rmeilan综合体；因报道使用复数油田群而目录记录为单一具名资产，保留中置信度。
以色列,Heletz,赫莱兹,field,,producing,在产,2022年研究／2026-09-28审计,中,再次核实（证据存在时点或层级限制）,Israel Ministry of Energy,https://prime.energy.gov.il/en/prime.html,公开研究称该田仍被开采，但没有实时产量。
以色列,Meged,梅格德,field,,producing,在产,运营商网页审计2026-09-28,中,再次核实（证据存在时点或层级限制）,Israel Ministry of Energy,https://www.givot.co.il/en/,运营商网页说明自2010年起生产并列累计产量；没有逐日实时值。
以色列,Leviathan,利维坦,field,,producing,在产,2026-07-06,高,已核实（带时点）,Israel Ministry of Energy,https://www.reuters.com/world/middle-east/israel-launches-tender-search-more-natural-gas-mediterranean-2026-07-06/,以色列能源部门近期信息确认Tamar供应国内、Leviathan承担出口；Leviathan在4月已从临时停产中复产。
以色列,Tamar,塔马尔,field,,producing,在产,2026-07-06,高,已核实（带时点）,Israel Ministry of Energy,https://www.reuters.com/world/middle-east/israel-launches-tender-search-more-natural-gas-mediterranean-2026-07-06/,以色列能源部门近期信息确认Tamar供应国内、Leviathan承担出口；Leviathan在4月已从临时停产中复产。
以色列,Karish,卡里什,field,,producing,在产,2026-09-09,高,已核实（带时点）,Israel Ministry of Energy,https://www.reuters.com/business/energy/uks-energean-posts-higher-half-year-profit-maintains-output-forecast-after-2026-09-09/,Energean在4月恢复生产，9月半年报称以色列产量已强劲恢复。
以色列,Tanin,塔宁,field,,development,开发／建设中,2026-09-28审计,中,再次核实（证据存在时点或层级限制）,Israel Ministry of Energy,https://www.reuters.com/business/energy/energean-invest-12-bln-develop-israel-katlan-gas-project-2024-07-23/,资产属于Energean开发组合，但未找到Tanin商业生产的直接证据。
土耳其,Raman,拉曼,field,,producing,在产,2025—2026年最后可核实公开时点,中,再次核实（证据存在时点或层级限制）,TPAO,https://www.tpao.gov.tr/,TPAO／政府资料列为生产资产；未把全国或Gabar油田群合计拆给其他单田。
土耳其,Batı Raman,西拉曼,field,,producing,在产,2025—2026年最后可核实公开时点,中,再次核实（证据存在时点或层级限制）,TPAO,https://www.tpao.gov.tr/,TPAO／政府资料列为生产资产；未把全国或Gabar油田群合计拆给其他单田。
土耳其,Garzan,加尔赞,field,,producing,在产,2025—2026年最后可核实公开时点,中,再次核实（证据存在时点或层级限制）,TPAO,https://www.tpao.gov.tr/,TPAO／政府资料列为生产资产；未把全国或Gabar油田群合计拆给其他单田。
土耳其,Şelmo,谢尔莫,field,,producing,在产,2025—2026年最后可核实公开时点,中,再次核实（证据存在时点或层级限制）,TPAO,https://www.tpao.gov.tr/,TPAO／政府资料列为生产资产；未把全国或Gabar油田群合计拆给其他单田。
土耳其,Gabar,加巴尔,field_group,,producing,在产,2025—2026年最后可核实公开时点,中,再次核实（证据存在时点或层级限制）,TPAO,https://www.tpao.gov.tr/,TPAO／政府资料列为生产资产；未把全国或Gabar油田群合计拆给其他单田。
埃及,Belayim,贝莱伊姆,field,,producing,在产,2026年资产状态,高,已核实（带时点）,Eni Egypt Factbook 2013,https://www.gem.wiki/Belayim_Marine_%26_Belayim_Land_Oil_Project_(Egypt),当前油气资产跟踪器将Belayim Marine与Belayim Land均列为operating。
埃及,Shukheir Offshore (Shukheir Bay),舒凯尔海上（舒凯尔湾）,field,,producing,在产,FY2025/26／复核2026-09-28,中,再次核实（证据存在时点或层级限制）,Egypt EGPC Brownfields 2023,https://egyptoil-gas.com/news/osoco-raises-output-to-1-7-mmboe-in-fy-2025-26/,EGPC棕地轮次将其列为OSOCO生产棕地；OSOCO FY2025/26仍有7100桶油当量/日合计产量，但不得拆成各田日产量。
埃及,Shukheir Offshore (Gamma),舒凯尔海上（伽马）,field,,producing,在产,FY2025/26／复核2026-09-28,中,再次核实（证据存在时点或层级限制）,Egypt EGPC Brownfields 2023,https://egyptoil-gas.com/news/osoco-raises-output-to-1-7-mmboe-in-fy-2025-26/,EGPC棕地轮次将其列为OSOCO生产棕地；OSOCO FY2025/26仍有7100桶油当量/日合计产量，但不得拆成各田日产量。
埃及,Gazwarina,加兹瓦里纳,field,,producing,在产,FY2025/26／复核2026-09-28,中,再次核实（证据存在时点或层级限制）,Egypt EGPC Brownfields 2023,https://egyptoil-gas.com/news/osoco-raises-output-to-1-7-mmboe-in-fy-2025-26/,EGPC棕地轮次将其列为OSOCO生产棕地；OSOCO FY2025/26仍有7100桶油当量/日合计产量，但不得拆成各田日产量。
埃及,Ras El Ush,拉斯埃尔乌什,field,,producing,在产,FY2025/26／复核2026-09-28,中,再次核实（证据存在时点或层级限制）,Egypt EGPC Brownfields 2023,https://egyptoil-gas.com/news/osoco-raises-output-to-1-7-mmboe-in-fy-2025-26/,EGPC棕地轮次将其列为OSOCO生产棕地；OSOCO FY2025/26仍有7100桶油当量/日合计产量，但不得拆成各田日产量。
埃及,Zeit Bay,宰特湾,field,,producing,在产,FY2025/26,高,已核实（带时点）,Egypt EGPC Brownfields 2023,https://egyptoil-gas.com/news/suez-oil-company-increased-proven-reserves-by-3-9-mmbbl/,SOCO FY2025/26披露持续生产和在Ras Budran增加生产井；设施同时服务Zeit Bay。
埃及,Ras Budran,拉斯布德兰,field,,producing,在产,FY2025/26,高,已核实（带时点）,Egypt EGPC Brownfields 2023,https://egyptoil-gas.com/news/suez-oil-company-increased-proven-reserves-by-3-9-mmbbl/,SOCO FY2025/26披露持续生产和在Ras Budran增加生产井；设施同时服务Zeit Bay。
埃及,East Zeit (E. Zeit),东宰特（E. Zeit）,field,,producing,在产,FY2025/26／复核2026-09-28,中,再次核实（证据存在时点或层级限制）,Egypt EGPC Brownfields 2023,https://egyptoil-gas.com/news/osoco-raises-output-to-1-7-mmboe-in-fy-2025-26/,EGPC棕地轮次将其列为OSOCO生产棕地；OSOCO FY2025/26仍有7100桶油当量/日合计产量，但不得拆成各田日产量。
埃及,Ashrafi,阿什拉菲,field,,producing,在产,FY2025/26／复核2026-09-28,中,再次核实（证据存在时点或层级限制）,Egypt EGPC Brownfields 2023,https://egyptoil-gas.com/news/osoco-raises-output-to-1-7-mmboe-in-fy-2025-26/,EGPC棕地轮次将其列为OSOCO生产棕地；OSOCO FY2025/26仍有7100桶油当量/日合计产量，但不得拆成各田日产量。
埃及,Wadi El Sahl Development Area,瓦迪埃尔萨赫勒开发区,development_area,,development,开发／建设中,2025-11-25,高,已核实（带时点）,Egypt EGPC Brownfields 2023,https://www.egypttoday.com/Article/3/143692/El-Sisi-ratifies-law-on-oil-exploration-and-development-in,埃及批准法律授权与Lukoil签署该开发区勘探、开发和生产合同，尚不以目标或发现量当作当前商业产量。
