WPI编号,WPI名称,国家,目录编号,决定,限制
48300,Al Rayyan Terminal,Qatar,wpi48300,原有对照保留,政府镜像目录年代未注明；未据距离自动匹配；WPI不提供当日进港或停运状态
48295,Jazirat Halul,Qatar,wpi48295,原有对照保留,政府镜像目录年代未注明；未据距离自动匹配；WPI不提供当日进港或停运状态
48290,Doha,Qatar,port1342,原有对照保留,政府镜像目录年代未注明；未据距离自动匹配；WPI不提供当日进港或停运状态
48282,Jabal Az Zannah/ruways,United Arab Emirates,port512,原有对照保留,政府镜像目录年代未注明；未据距离自动匹配；WPI不提供当日进港或停运状态
48265,Fateh Oil Terminal,United Arab Emirates,wpi48265,原有对照保留,政府镜像目录年代未注明；未据距离自动匹配；WPI不提供当日进港或停运状态
48465,Kharg Island Oil Terminal,Iran,port2164,原有对照保留,政府镜像目录年代未注明；未据距离自动匹配；WPI不提供当日进港或停运状态
48460,Bandar Khomeyni,Iran,port108,原有对照保留,政府镜像目录年代未注明；未据距离自动匹配；WPI不提供当日进港或停运状态
48450,Bandar-E Mahshahr,Iran,wpi48450,原有对照保留,政府镜像目录年代未注明；未据距离自动匹配；WPI不提供当日进港或停运状态
48390,Khawr Al Amaya,Iraq,wpi48390,原有对照保留,政府镜像目录年代未注明；未据距离自动匹配；WPI不提供当日进港或停运状态
48360,Mina Abd Allah,Kuwait,wpi48360,原有对照保留,政府镜像目录年代未注明；未据距离自动匹配；WPI不提供当日进港或停运状态
48325,Mina Salman,Bahrain,port2060,原有对照保留,政府镜像目录年代未注明；未据距离自动匹配；WPI不提供当日进港或停运状态
48470,Bushehr,Iran,port196,原有对照保留,政府镜像目录年代未注明；未据距离自动匹配；WPI不提供当日进港或停运状态
48108,Duba Bulk Plant Tanker Terminal,Saudi Arabia,port305,具名目录对应；不拆分统计节点,政府镜像目录年代未注明；未据距离自动匹配；WPI不提供当日进港或停运状态
48327,Khalifa Bin Salman,Bahrain,port2012,原有对照保留,政府镜像目录年代未注明；未据距离自动匹配；WPI不提供当日进港或停运状态
48357,Mina Ash Shuaybah,Kuwait,port2067,原有对照保留,政府镜像目录年代未注明；未据距离自动匹配；WPI不提供当日进港或停运状态
48361,Mina Al Ahmadi,Kuwait,port743,原有对照保留,政府镜像目录年代未注明；未据距离自动匹配；WPI不提供当日进港或停运状态
48370,Al Kuwayt,Kuwait,port25,原有对照保留,政府镜像目录年代未注明；未据距离自动匹配；WPI不提供当日进港或停运状态
48464,Barkan Oil-loading Terminal,Iran,port2478,原有对照保留,政府镜像目录年代未注明；未据距离自动匹配；WPI不提供当日进港或停运状态
48540,Jask,Iran,port2486,原有对照保留,政府镜像目录年代未注明；未据距离自动匹配；WPI不提供当日进港或停运状态
48338,Al Jubayl,Saudi Arabia,port24,原有对照保留,政府镜像目录年代未注明；未据距离自动匹配；WPI不提供当日进港或停运状态
48356,Mina Az Zawr,Kuwait,port2493,原有对照保留,政府镜像目录年代未注明；未据距离自动匹配；WPI不提供当日进港或停运状态
48392,Al-Basra Oil Terminal,Iraq,port2479,原有对照保留,政府镜像目录年代未注明；未据距离自动匹配；WPI不提供当日进港或停运状态
48400,Al Basrah,Iraq,port20,原有对照保留,政府镜像目录年代未注明；未据距离自动匹配；WPI不提供当日进港或停运状态
48404,Khawr Al Zubair,Iraq,wpi48404,原有对照保留,政府镜像目录年代未注明；未据距离自动匹配；WPI不提供当日进港或停运状态
48406,Khawr Al Zubair Lng Terminal,Iraq,wpi48406,原有对照保留,政府镜像目录年代未注明；未据距离自动匹配；WPI不提供当日进港或停运状态
48420,Khorramshahr,Iran,port563,原有对照保留,政府镜像目录年代未注明；未据距离自动匹配；WPI不提供当日进港或停运状态
48430,Abadan,Iran,port2477,原有对照保留,政府镜像目录年代未注明；未据距离自动匹配；WPI不提供当日进港或停运状态
48440,Khosrowabad,Iran,wpi48440,原有对照保留,政府镜像目录年代未注明；未据距离自动匹配；WPI不提供当日进港或停运状态
48530,Jazireh-Ye Hormoz,Iran,wpi48530,原有对照保留,政府镜像目录年代未注明；未据距离自动匹配；WPI不提供当日进港或停运状态
48535,Jazireh-Ye Sirri,Iran,wpi48535,原有对照保留,政府镜像目录年代未注明；未据距离自动匹配；WPI不提供当日进港或停运状态
48274,Al Hamriyah Lpg Terminal,United Arab Emirates,port22,原有对照保留,政府镜像目录年代未注明；未据距离自动匹配；WPI不提供当日进港或停运状态
48277,Jazirat Das,United Arab Emirates,port2237,原有对照保留,政府镜像目录年代未注明；未据距离自动匹配；WPI不提供当日进港或停运状态
48298,Al Shaheen Terminal,Qatar,wpi48298,原有对照保留,政府镜像目录年代未注明；未据距离自动匹配；WPI不提供当日进港或停运状态
48276,Mina Jabal Ali,United Arab Emirates,port744,原有对照保留,政府镜像目录年代未注明；未据距离自动匹配；WPI不提供当日进港或停运状态
48278,Abu Zaby,United Arab Emirates,port5,原有对照保留,政府镜像目录年代未注明；未据距离自动匹配；WPI不提供当日进港或停运状态
48271,Ash Shariqah,United Arab Emirates,port72,原有对照保留,政府镜像目录年代未注明；未据距离自动匹配；WPI不提供当日进港或停运状态
48270,Ajman,United Arab Emirates,port13,原有对照保留,政府镜像目录年代未注明；未据距离自动匹配；WPI不提供当日进港或停运状态
48275,Dubayy,United Arab Emirates,port306,原有对照保留,政府镜像目录年代未注明；未据距离自动匹配；WPI不提供当日进港或停运状态
48341,Ras Al Ghar,Saudi Arabia,wpi48341,原有对照保留,政府镜像目录年代未注明；未据距离自动匹配；WPI不提供当日进港或停运状态
48297,Ras Laffan,Qatar,port1090,原有对照保留,政府镜像目录年代未注明；未据距离自动匹配；WPI不提供当日进港或停运状态
48348,Ras Al Mishab,Saudi Arabia,port1088,原有对照保留,政府镜像目录年代未注明；未据距离自动匹配；WPI不提供当日进港或停运状态
48272,Sharjah Offshore Terminal,United Arab Emirates,wpi48272,原有对照保留,政府镜像目录年代未注明；未据距离自动匹配；WPI不提供当日进港或停运状态
48468,Sirus Oil Terminal,Iran,wpi48468,原有对照保留,政府镜像目录年代未注明；未据距离自动匹配；WPI不提供当日进港或停运状态
48399,Umm Qasr,Iraq,port1341,原有对照保留,政府镜像目录年代未注明；未据距离自动匹配；WPI不提供当日进港或停运状态
48349,Ras Al Khafji,Saudi Arabia,port2217,原有对照保留,政府镜像目录年代未注明；未据距离自动匹配；WPI不提供当日进港或停运状态
48340,Ras  Tannurah,Saudi Arabia,port1091,原有对照保留,政府镜像目录年代未注明；未据距离自动匹配；WPI不提供当日进港或停运状态
48104,Sharmah,Saudi Arabia,facility_wpi48104,具名目录对应；不拆分统计节点,政府镜像目录年代未注明；未据距离自动匹配；WPI不提供当日进港或停运状态
48263,Khawr Fakkan,United Arab Emirates,port561,原有对照保留,政府镜像目录年代未注明；未据距离自动匹配；WPI不提供当日进港或停运状态
48250,Mina Qabus,Oman,port745,原有对照保留,政府镜像目录年代未注明；未据距离自动匹配；WPI不提供当日进港或停运状态
48255,Mina Al Fahl,Oman,wpi48255,原有对照保留,政府镜像目录年代未注明；未据距离自动匹配；WPI不提供当日进港或停运状态
48335,Dammam,Saudi Arabia,port275,原有对照保留,政府镜像目录年代未注明；未据距离自动匹配；WPI不提供当日进港或停运状态
48273,Umm Al Qaywayn,United Arab Emirates,port1340,原有对照保留,政府镜像目录年代未注明；未据距离自动匹配；WPI不提供当日进港或停运状态
48320,Sitrah,Bahrain,port1203,原有对照保留,政府镜像目录年代未注明；未据距离自动匹配；WPI不提供当日进港或停运状态
48287,Umm Said,Qatar,port1342,原有对照保留,政府镜像目录年代未注明；未据距离自动匹配；WPI不提供当日进港或停运状态
48343,Ju Aymah Oil Terminal,Saudi Arabia,port526,原有对照保留,政府镜像目录年代未注明；未据距离自动匹配；WPI不提供当日进港或停运状态
48342,Ju Aymah Lpg Terminal,Saudi Arabia,wpi48342,原有对照保留,政府镜像目录年代未注明；未据距离自动匹配；WPI不提供当日进港或停运状态
48310,Al Manamah,Bahrain,wpi48310,原有对照保留,政府镜像目录年代未注明；未据距离自动匹配；WPI不提供当日进港或停运状态
48269,Al Jazeera Port,United Arab Emirates,wpi48269,原有对照保留,政府镜像目录年代未注明；未据距离自动匹配；WPI不提供当日进港或停运状态
48374,Doha Harbor,Kuwait,wpi48374,原有对照保留,政府镜像目录年代未注明；未据距离自动匹配；WPI不提供当日进港或停运状态
48279,Umm An Nar,United Arab Emirates,wpi48279,原有对照保留,政府镜像目录年代未注明；未据距离自动匹配；WPI不提供当日进港或停运状态
48240,Qalhat Lng Terminal,Oman,port1068,原有对照保留,政府镜像目录年代未注明；未据距离自动匹配；WPI不提供当日进港或停运状态
48267,Zirkuh Oil Field,United Arab Emirates,port2235,原有对照保留,政府镜像目录年代未注明；未据距离自动匹配；WPI不提供当日进港或停运状态
48266,Zirkuh,United Arab Emirates,port2235,原有对照保留,政府镜像目录年代未注明；未据距离自动匹配；WPI不提供当日进港或停运状态
48262,Al Fujayrah,United Arab Emirates,port362,原有对照保留,政府镜像目录年代未注明；未据距离自动匹配；WPI不提供当日进港或停运状态
48257,Port Of Sohar,Oman,port988,原有对照保留,政府镜像目录年代未注明；未据距离自动匹配；WPI不提供当日进港或停运状态
48130,Rabigh,Saudi Arabia,port1081,具名目录对应；不拆分统计节点,政府镜像目录年代未注明；未据距离自动匹配；WPI不提供当日进港或停运状态
48121,King Fahd Port,Saudi Arabia,port570,具名目录对应；不拆分统计节点,政府镜像目录年代未注明；未据距离自动匹配；WPI不提供当日进港或停运状态
48120,Yanbu,Saudi Arabia,port1408,具名目录对应；不拆分统计节点,政府镜像目录年代未注明；未据距离自动匹配；WPI不提供当日进港或停运状态
48142,Jizan,Saudi Arabia,port2074,具名目录对应；不拆分统计节点,政府镜像目录年代未注明；未据距离自动匹配；WPI不提供当日进港或停运状态
48140,Jiddah,Saudi Arabia,port518,具名目录对应；不拆分统计节点,政府镜像目录年代未注明；未据距离自动匹配；WPI不提供当日进港或停运状态
48106,Duba,Saudi Arabia,port304,具名目录对应；不拆分统计节点,政府镜像目录年代未注明；未据距离自动匹配；WPI不提供当日进港或停运状态
48230,Mina Raysut,Oman,port746,具名目录对应；不拆分统计节点,政府镜像目录年代未注明；未据距离自动匹配；WPI不提供当日进港或停运状态
48235,Duqm,Oman,port984,具名目录对应；不拆分统计节点,政府镜像目录年代未注明；未据距离自动匹配；WPI不提供当日进港或停运状态
48520,Bandar Abbas,Iran,port107,原有对照保留,政府镜像目录年代未注明；未据距离自动匹配；WPI不提供当日进港或停运状态
48259,Khawr Khasab,Oman,wpi48259,原有对照保留,政府镜像目录年代未注明；未据距离自动匹配；WPI不提供当日进港或停运状态
48550,Chah Bahar,Iran,port226,原有对照保留,政府镜像目录年代未注明；未据距离自动匹配；WPI不提供当日进港或停运状态
48268,Mubarraz Oil Terminal,United Arab Emirates,wpi48268,原有对照保留,政府镜像目录年代未注明；未据距离自动匹配；WPI不提供当日进港或停运状态
48495,Bandar-E Shahid Reajie,Iran,port106,原有对照保留,政府镜像目录年代未注明；未据距离自动匹配；WPI不提供当日进港或停运状态
48475,Bandar-E Pars Terminal,Iran,port105,原有对照保留,政府镜像目录年代未注明；未据距离自动匹配；WPI不提供当日进港或停运状态
48480,Jazireh-Ye Lavan Oil Terminal,Iran,port2165,原有对照保留,政府镜像目录年代未注明；未据距离自动匹配；WPI不提供当日进港或停运状态
48533,Bandar Taheri Offshore Terminal,Iran,wpi48533,原有对照保留,政府镜像目录年代未注明；未据距离自动匹配；WPI不提供当日进港或停运状态
48264,Mina Saqr,United Arab Emirates,port747,原有对照保留,政府镜像目录年代未注明；未据距离自动匹配；WPI不提供当日进港或停运状态
48280,Hulaylah Oil Terminal,United Arab Emirates,wpi48280,原有对照保留,政府镜像目录年代未注明；未据距离自动匹配；WPI不提供当日进港或停运状态
