水域,国家,港口,PortWatch ID,日期UTC,点位库港名,日活动港名,点位库国家,日活动国家,当日油轮艘次,当日油轮卸货吨,当日油轮装货吨,当日油轮装卸吨,当日其他货轮艘次,当日其他货轮卸货吨,当日其他货轮装货吨,当日其他货轮装卸吨,7日有效天数,7日油轮有挂靠天数,7日油轮日均艘次,7日油轮日均装卸吨,7日其他货轮有挂靠天数,7日其他货轮日均艘次,7日其他货轮日均装卸吨,30日有效天数,30日油轮有挂靠天数,30日油轮日均艘次,30日油轮日均装卸吨,30日油轮有挂靠但估算货量零天数,30日其他货轮有挂靠天数,30日其他货轮日均艘次,30日其他货轮日均装卸吨,复核提示,来源
曼德海峡,Djibouti,Djibouti,port294,2026-09-18,Djibouti,Djibouti,Djibouti,Djibouti,0,0,0,0,2,6558,1915,8473,7,5,0.7142857142857143,13745.142857142857,7,3.7142857142857144,38570.57142857143,30,15,0.6666666666666666,12898.033333333333,3,30,2.7666666666666666,29420.6,当日油轮零但7日有挂靠；30日内存在有油轮挂靠但估算货量零,https://portwatch.imf.org/pages/data-and-methodology
曼德海峡,Yemen,Aden,port9,2026-09-18,Aden,Aden,Yemen,Yemen,0,0,0,0,1,3773,306,4079,7,0,0.0,0.0,4,0.8571428571428571,7597.285714285715,30,2,0.06666666666666667,1074.6,0,20,1.2666666666666666,13726.8,当日记录与窗口记录已核对,https://portwatch.imf.org/pages/data-and-methodology
曼德海峡,Yemen,Hudaydah (Hodeidah),port18,2026-09-18,Hudaydah (Hodeidah),Hudaydah (Hodeidah),Yemen,Yemen,0,0,0,0,0,0,0,0,7,1,0.14285714285714285,1757.142857142857,2,0.2857142857142857,6501.0,30,1,0.03333333333333333,410.0,0,8,0.3333333333333333,5653.3,当日油轮零但7日有挂靠,https://portwatch.imf.org/pages/data-and-methodology
曼德海峡,Yemen,Mokha,port2109,2026-09-18,Mokha,Mokha,Yemen,Yemen,0,0,0,0,0,0,0,0,7,0,0.0,0.0,0,0.0,0.0,30,0,0.0,0.0,0,0,0.0,0.0,30日油轮挂靠全零：源覆盖待核；30日两类挂靠全零：源覆盖待核,https://portwatch.imf.org/pages/data-and-methodology
曼德海峡,Yemen,Ras Isa Terminal,port2245,2026-09-18,Ras Isa Terminal,Ras Isa Terminal,Yemen,Yemen,0,0,0,0,0,0,0,0,7,0,0.0,0.0,0,0.0,0.0,30,0,0.0,0.0,0,0,0.0,0.0,30日油轮挂靠全零：源覆盖待核；30日两类挂靠全零：源覆盖待核,https://portwatch.imf.org/pages/data-and-methodology
曼德海峡,Yemen,Salif,port2219,2026-09-18,Salif,Salif,Yemen,Yemen,0,0,0,0,0,0,0,0,7,0,0.0,0.0,1,0.14285714285714285,4748.571428571428,30,0,0.0,0.0,0,8,0.26666666666666666,9181.7,30日油轮挂靠全零：源覆盖待核,https://portwatch.imf.org/pages/data-and-methodology
波斯湾,Bahrain,Khalifa Bin Salman,port2012,2026-09-18,Khalifa Bin Salman,Khalifa Bin Salman,Bahrain,Bahrain,0,0,0,0,0,0,0,0,7,0,0.0,0.0,0,0.0,0.0,30,0,0.0,0.0,0,0,0.0,0.0,30日油轮挂靠全零：源覆盖待核；30日两类挂靠全零：源覆盖待核,https://portwatch.imf.org/pages/data-and-methodology
波斯湾,Bahrain,Mina Salman,port2060,2026-09-18,Mina Salman,Mina Salman,Bahrain,Bahrain,0,0,0,0,0,0,0,0,7,0,0.0,0.0,1,0.14285714285714285,773.1428571428571,30,0,0.0,0.0,0,3,0.1,393.1333333333333,30日油轮挂靠全零：源覆盖待核,https://portwatch.imf.org/pages/data-and-methodology
波斯湾,Bahrain,Sitrah,port1203,2026-09-18,Sitrah,Sitrah,Bahrain,Bahrain,1,0,42696,42696,0,0,0,0,7,4,0.7142857142857143,13325.142857142857,4,0.8571428571428571,14421.142857142857,30,14,0.6333333333333333,15702.333333333334,0,18,1.0,15812.7,当日记录与窗口记录已核对,https://portwatch.imf.org/pages/data-and-methodology
波斯湾,Iran,Abadan,port2477,2026-09-18,Abadan,Abadan,Iran,Iran,0,0,0,0,0,0,0,0,7,0,0.0,0.0,0,0.0,0.0,30,0,0.0,0.0,0,2,0.06666666666666667,15.0,30日油轮挂靠全零：源覆盖待核,https://portwatch.imf.org/pages/data-and-methodology
波斯湾,Iran,Bahregan,port2478,2026-09-18,Bahregan,Bahregan,Iran,Iran,0,0,0,0,0,0,0,0,7,0,0.0,0.0,0,0.0,0.0,30,0,0.0,0.0,0,0,0.0,0.0,30日油轮挂靠全零：源覆盖待核；30日两类挂靠全零：源覆盖待核,https://portwatch.imf.org/pages/data-and-methodology
波斯湾,Iran,Bandar Khomeini,port108,2026-09-18,Bandar Khomeini,Bandar Khomeini,Iran,Iran,0,0,0,0,0,0,0,0,7,0,0.0,0.0,1,0.14285714285714285,7348.571428571428,30,1,0.03333333333333333,957.3,0,10,0.43333333333333335,21011.1,当日记录与窗口记录已核对,https://portwatch.imf.org/pages/data-and-methodology
波斯湾,Iran,Bandar-E Pars Terminal,port105,2026-09-18,Bandar-E Pars Terminal,Bandar-E Pars Terminal,Iran,Iran,0,0,0,0,0,0,0,0,7,2,0.2857142857142857,22614.85714285714,3,0.42857142857142855,538.7142857142857,30,5,0.16666666666666666,15118.733333333334,0,13,0.5333333333333333,1971.2333333333333,当日油轮零但7日有挂靠,https://portwatch.imf.org/pages/data-and-methodology
波斯湾,Iran,Bushehr,port196,2026-09-18,Bushehr,Bushehr,Iran,Iran,0,0,0,0,0,0,0,0,7,0,0.0,0.0,1,0.14285714285714285,239.42857142857142,30,0,0.0,0.0,0,9,0.36666666666666664,279.3333333333333,30日油轮挂靠全零：源覆盖待核,https://portwatch.imf.org/pages/data-and-methodology
波斯湾,Iran,Kharg Island,port2164,2026-09-18,Kharg Island,Kharg Island,Iran,Iran,0,0,0,0,0,0,0,0,7,0,0.0,0.0,0,0.0,0.0,30,1,0.03333333333333333,0.0,1,6,0.2,0.0,30日内存在有油轮挂靠但估算货量零,https://portwatch.imf.org/pages/data-and-methodology
波斯湾,Iran,Khorramshahr,port563,2026-09-18,Khorramshahr,Khorramshahr,Iran,Iran,0,0,0,0,0,0,0,0,7,0,0.0,0.0,2,0.42857142857142855,149.42857142857142,30,0,0.0,0.0,0,10,0.4,140.9,30日油轮挂靠全零：源覆盖待核,https://portwatch.imf.org/pages/data-and-methodology
波斯湾,Iran,Lavan,port2165,2026-09-18,Lavan,Lavan,Iran,Iran,0,0,0,0,0,0,0,0,7,0,0.0,0.0,0,0.0,0.0,30,2,0.06666666666666667,0.0,2,0,0.0,0.0,30日内存在有油轮挂靠但估算货量零,https://portwatch.imf.org/pages/data-and-methodology
波斯湾,Iraq,Al Basrah,port20,2026-09-18,Al Basrah,Al Basrah,Iraq,Iraq,0,0,0,0,0,0,0,0,7,0,0.0,0.0,0,0.0,0.0,30,0,0.0,0.0,0,0,0.0,0.0,30日油轮挂靠全零：源覆盖待核；30日两类挂靠全零：源覆盖待核,https://portwatch.imf.org/pages/data-and-methodology
波斯湾,Iraq,Basrah Oil Terminal,port2479,2026-09-18,Basrah Oil Terminal,Basrah Oil Terminal,Iraq,Iraq,1,1479,198378,199857,0,0,0,0,7,1,0.14285714285714285,28551.0,0,0.0,0.0,30,7,0.26666666666666666,25244.6,2,2,0.06666666666666667,0.0,30日内存在有油轮挂靠但估算货量零,https://portwatch.imf.org/pages/data-and-methodology
波斯湾,Iraq,Umm Qasr,port1341,2026-09-18,Umm Qasr,Umm Qasr,Iraq,Iraq,1,0,5341,5341,3,6182,402,6584,7,5,1.5714285714285714,28051.428571428572,6,1.8571428571428572,8561.57142857143,30,22,1.4666666666666666,20979.233333333334,3,26,1.9333333333333333,9984.6,30日内存在有油轮挂靠但估算货量零,https://portwatch.imf.org/pages/data-and-methodology
波斯湾,Kuwait,Mina Al Ahmadi,port743,2026-09-18,Mina Al Ahmadi,Mina Al Ahmadi,Kuwait,Kuwait,0,0,0,0,0,0,0,0,7,0,0.0,0.0,0,0.0,0.0,30,0,0.0,0.0,0,0,0.0,0.0,30日油轮挂靠全零：源覆盖待核；30日两类挂靠全零：源覆盖待核,https://portwatch.imf.org/pages/data-and-methodology
波斯湾,Kuwait,Mina Al Zour,port2493,2026-09-18,Mina Al Zour,Mina Al Zour,Kuwait,Kuwait,0,0,0,0,0,0,0,0,7,0,0.0,0.0,0,0.0,0.0,30,1,0.03333333333333333,0.0,1,0,0.0,0.0,30日内存在有油轮挂靠但估算货量零,https://portwatch.imf.org/pages/data-and-methodology
波斯湾,Kuwait,Shuaiba,port2067,2026-09-18,Shuaiba,Shuaiba,Kuwait,Kuwait,0,0,0,0,0,0,0,0,7,0,0.0,0.0,2,0.2857142857142857,8252.0,30,0,0.0,0.0,0,6,0.2,2510.4666666666667,30日油轮挂靠全零：源覆盖待核,https://portwatch.imf.org/pages/data-and-methodology
波斯湾,Kuwait,Shuwaikh,port25,2026-09-18,Shuwaikh,Shuwaikh,Kuwait,Kuwait,0,0,0,0,0,0,0,0,7,0,0.0,0.0,0,0.0,0.0,30,0,0.0,0.0,0,4,0.13333333333333333,1371.4666666666667,30日油轮挂靠全零：源覆盖待核,https://portwatch.imf.org/pages/data-and-methodology
波斯湾,Qatar,Al Ruwais,port1117,2026-09-18,Al Ruwais,Al Ruwais,Qatar,Qatar,0,0,0,0,0,0,0,0,7,0,0.0,0.0,3,0.42857142857142855,116.71428571428571,30,0,0.0,0.0,0,11,0.43333333333333335,106.03333333333333,30日油轮挂靠全零：源覆盖待核,https://portwatch.imf.org/pages/data-and-methodology
波斯湾,Qatar,Doha-Umm Said,port1342,2026-09-18,Doha-Umm Said,Doha-Umm Said,Qatar,Qatar,0,0,0,0,1,32868,11270,44138,7,3,0.42857142857142855,6071.571428571428,4,0.8571428571428571,29021.85714285714,30,12,0.43333333333333335,6290.733333333334,1,16,0.7333333333333333,25673.233333333334,当日油轮零但7日有挂靠；30日内存在有油轮挂靠但估算货量零,https://portwatch.imf.org/pages/data-and-methodology
波斯湾,Qatar,Hamad Port,port2026,2026-09-18,Hamad Port,Hamad Port,Qatar,Qatar,0,0,0,0,2,8938,0,8938,7,0,0.0,0.0,4,1.0,2104.5714285714284,30,0,0.0,0.0,0,21,1.1,3569.3,30日油轮挂靠全零：源覆盖待核,https://portwatch.imf.org/pages/data-and-methodology
波斯湾,Qatar,Ras Laffan,port1090,2026-09-18,Ras Laffan,Ras Laffan,Qatar,Qatar,0,0,0,0,0,0,0,0,7,2,0.42857142857142855,10824.285714285714,3,0.42857142857142855,1029.7142857142858,30,20,0.9666666666666667,32278.2,3,15,0.6666666666666666,2596.633333333333,当日油轮零但7日有挂靠；30日内存在有油轮挂靠但估算货量零,https://portwatch.imf.org/pages/data-and-methodology
波斯湾,Saudi Arabia,Dammam,port275,2026-09-18,Dammam,Dammam,Saudi Arabia,Saudi Arabia,0,0,0,0,0,0,0,0,7,0,0.0,0.0,5,1.7142857142857142,21533.14285714286,30,0,0.0,0.0,0,24,1.5,13716.533333333333,30日油轮挂靠全零：源覆盖待核,https://portwatch.imf.org/pages/data-and-methodology
波斯湾,Saudi Arabia,Juaymah,port526,2026-09-18,Juaymah,Juaymah,Saudi Arabia,Saudi Arabia,0,0,0,0,0,0,0,0,7,0,0.0,0.0,0,0.0,0.0,30,2,0.06666666666666667,12801.666666666666,0,0,0.0,0.0,当日记录与窗口记录已核对,https://portwatch.imf.org/pages/data-and-methodology
波斯湾,Saudi Arabia,Jubail,port24,2026-09-18,Jubail,Jubail,Saudi Arabia,Saudi Arabia,0,0,0,0,1,21929,23795,45724,7,4,0.7142857142857143,23757.0,3,0.42857142857142855,13064.0,30,21,1.2,35946.5,1,13,0.5666666666666667,13475.566666666668,当日油轮零但7日有挂靠；30日内存在有油轮挂靠但估算货量零,https://portwatch.imf.org/pages/data-and-methodology
波斯湾,Saudi Arabia,Ras Al Khafji,port2217,2026-09-18,Ras Al Khafji,Ras Al Khafji,Saudi Arabia,Saudi Arabia,0,0,0,0,0,0,0,0,7,0,0.0,0.0,0,0.0,0.0,30,0,0.0,0.0,0,0,0.0,0.0,30日油轮挂靠全零：源覆盖待核；30日两类挂靠全零：源覆盖待核,https://portwatch.imf.org/pages/data-and-methodology
波斯湾,Saudi Arabia,Ras Al Mishab,port1088,2026-09-18,Ras Al Mishab,Ras Al Mishab,Saudi Arabia,Saudi Arabia,0,0,0,0,0,0,0,0,7,2,0.42857142857142855,245.42857142857142,1,0.14285714285714285,5.714285714285714,30,5,0.23333333333333334,229.06666666666666,1,5,0.16666666666666666,12.566666666666666,当日油轮零但7日有挂靠；30日内存在有油轮挂靠但估算货量零,https://portwatch.imf.org/pages/data-and-methodology
波斯湾,Saudi Arabia,Ras Al-Khair,port1089,2026-09-18,Ras Al-Khair,Ras Al-Khair,Saudi Arabia,Saudi Arabia,0,0,0,0,0,0,0,0,7,0,0.0,0.0,2,0.2857142857142857,9039.857142857143,30,3,0.1,2597.133333333333,0,5,0.16666666666666666,4633.566666666667,当日记录与窗口记录已核对,https://portwatch.imf.org/pages/data-and-methodology
波斯湾,Saudi Arabia,Ras Tanura,port1091,2026-09-18,Ras Tanura,Ras Tanura,Saudi Arabia,Saudi Arabia,1,0,142394,142394,0,0,0,0,7,5,1.1428571428571428,60286.857142857145,0,0.0,0.0,30,17,0.9,46202.066666666666,0,0,0.0,0.0,当日记录与窗口记录已核对,https://portwatch.imf.org/pages/data-and-methodology
波斯湾,Saudi Arabia,Saudi Arabia - Offshore Oil Terminal 1,fso158,2026-09-18,Saudi Arabia - Offshore Oil Terminal 1,Saudi Arabia - Offshore Oil Terminal 1,Saudi Arabia,Saudi Arabia,0,0,0,0,0,0,0,0,7,0,0.0,0.0,0,0.0,0.0,30,0,0.0,0.0,0,0,0.0,0.0,30日油轮挂靠全零：源覆盖待核；30日两类挂靠全零：源覆盖待核,https://portwatch.imf.org/pages/data-and-methodology
波斯湾,United Arab Emirates,Abu Dhabi,port5,2026-09-18,Abu Dhabi,Abu Dhabi,United Arab Emirates,United Arab Emirates,0,0,0,0,5,11202,236,11438,7,1,0.14285714285714285,2276.8571428571427,7,4.857142857142857,5888.857142857143,30,9,0.3333333333333333,2759.6666666666665,1,30,4.766666666666667,8908.666666666666,当日油轮零但7日有挂靠；30日内存在有油轮挂靠但估算货量零,https://portwatch.imf.org/pages/data-and-methodology
波斯湾,United Arab Emirates,Ajman,port13,2026-09-18,Ajman,Ajman,United Arab Emirates,United Arab Emirates,0,0,0,0,0,0,0,0,7,1,0.14285714285714285,235.14285714285714,3,0.5714285714285714,788.1428571428571,30,2,0.06666666666666667,139.9,0,14,0.5666666666666667,758.2666666666667,当日油轮零但7日有挂靠,https://portwatch.imf.org/pages/data-and-methodology
波斯湾,United Arab Emirates,Al Hamriyah LPG Terminal,port22,2026-09-18,Al Hamriyah LPG Terminal,Al Hamriyah LPG Terminal,United Arab Emirates,United Arab Emirates,2,20887,2047,22934,0,0,0,0,7,6,1.4285714285714286,12207.42857142857,0,0.0,0.0,30,25,1.6666666666666667,20778.533333333333,2,3,0.1,948.0,30日内存在有油轮挂靠但估算货量零,https://portwatch.imf.org/pages/data-and-methodology
波斯湾,United Arab Emirates,Das Island,port2237,2026-09-18,Das Island,Das Island,United Arab Emirates,United Arab Emirates,0,0,0,0,2,399,93,492,7,0,0.0,0.0,4,1.0,210.85714285714286,30,1,0.03333333333333333,0.0,1,18,1.1333333333333333,228.8,30日内存在有油轮挂靠但估算货量零,https://portwatch.imf.org/pages/data-and-methodology
波斯湾,United Arab Emirates,Dubai,port306,2026-09-18,Dubai,Dubai,United Arab Emirates,United Arab Emirates,0,0,0,0,5,644,3041,3685,7,1,0.14285714285714285,299.7142857142857,7,6.0,3011.714285714286,30,7,0.23333333333333334,537.2,2,30,6.266666666666667,3613.4,当日油轮零但7日有挂靠；30日内存在有油轮挂靠但估算货量零,https://portwatch.imf.org/pages/data-and-methodology
波斯湾,United Arab Emirates,Jabal Az Zannah-Ruways,port512,2026-09-18,Jabal Az Zannah-Ruways,Jabal Az Zannah-Ruways,United Arab Emirates,United Arab Emirates,0,0,0,0,0,0,0,0,7,0,0.0,0.0,2,0.2857142857142857,127.14285714285714,30,1,0.03333333333333333,177.73333333333332,0,9,0.3,118.66666666666667,当日记录与窗口记录已核对,https://portwatch.imf.org/pages/data-and-methodology
波斯湾,United Arab Emirates,Jebel Ali,port744,2026-09-18,Jebel Ali,Jebel Ali,United Arab Emirates,United Arab Emirates,3,64341,9909,74250,3,129861,1181,131042,7,4,1.0,15347.57142857143,7,3.5714285714285716,84840.0,30,17,1.0,24538.1,0,30,3.566666666666667,84354.3,当日记录与窗口记录已核对,https://portwatch.imf.org/pages/data-and-methodology
波斯湾,United Arab Emirates,Jebel Dhanna,port2236,2026-09-18,Jebel Dhanna,Jebel Dhanna,United Arab Emirates,United Arab Emirates,0,0,0,0,1,77,62,139,7,0,0.0,0.0,5,0.8571428571428571,99.28571428571429,30,0,0.0,0.0,0,20,1.0,120.3,30日油轮挂靠全零：源覆盖待核,https://portwatch.imf.org/pages/data-and-methodology
波斯湾,United Arab Emirates,Khalifa Port,port2025,2026-09-18,Khalifa Port,Khalifa Port,United Arab Emirates,United Arab Emirates,0,0,0,0,2,0,4478,4478,7,1,0.14285714285714285,2698.4285714285716,6,2.0,15633.285714285714,30,1,0.03333333333333333,629.6333333333333,0,26,2.066666666666667,18176.733333333334,当日油轮零但7日有挂靠,https://portwatch.imf.org/pages/data-and-methodology
波斯湾,United Arab Emirates,Sharjah,port72,2026-09-18,Sharjah,Sharjah,United Arab Emirates,United Arab Emirates,0,0,0,0,2,5534,1348,6882,7,3,0.42857142857142855,2684.714285714286,7,1.8571428571428572,7532.571428571428,30,15,0.5666666666666667,2934.8333333333335,4,23,1.3,5251.666666666667,当日油轮零但7日有挂靠；30日内存在有油轮挂靠但估算货量零,https://portwatch.imf.org/pages/data-and-methodology
波斯湾,United Arab Emirates,Umm al Qaiwain,port1340,2026-09-18,Umm al Qaiwain,Umm al Qaiwain,United Arab Emirates,United Arab Emirates,0,0,0,0,0,0,0,0,7,0,0.0,0.0,0,0.0,0.0,30,0,0.0,0.0,0,2,0.06666666666666667,59.666666666666664,30日油轮挂靠全零：源覆盖待核,https://portwatch.imf.org/pages/data-and-methodology
波斯湾,United Arab Emirates,Zirku Island,port2235,2026-09-18,Zirku Island,Zirku Island,United Arab Emirates,United Arab Emirates,0,0,0,0,0,0,0,0,7,0,0.0,0.0,4,0.8571428571428571,201.28571428571428,30,0,0.0,0.0,0,14,0.6333333333333333,140.9,30日油轮挂靠全零：源覆盖待核,https://portwatch.imf.org/pages/data-and-methodology
苏伊士运河,Egypt,Al Adabiyah,port321,2026-09-18,Al Adabiyah,Al Adabiyah,Egypt,Egypt,0,0,0,0,0,0,0,0,7,1,0.2857142857142857,1887.0,1,0.2857142857142857,1207.857142857143,30,9,0.3333333333333333,3268.0333333333333,0,14,0.5666666666666667,5306.566666666667,当日油轮零但7日有挂靠,https://portwatch.imf.org/pages/data-and-methodology
苏伊士运河,Egypt,As Suways,port71,2026-09-18,As Suways,As Suways,Egypt,Egypt,0,0,0,0,0,0,0,0,7,2,0.2857142857142857,695.7142857142857,3,0.42857142857142855,867.4285714285714,30,6,0.2,230.46666666666667,0,5,0.16666666666666666,372.4,当日油轮零但7日有挂靠,https://portwatch.imf.org/pages/data-and-methodology
苏伊士运河,Egypt,Damietta,port274,2026-09-18,Damietta,Damietta,Egypt,Egypt,2,9901,5137,15038,7,63774,34444,98218,7,1,0.2857142857142857,2148.285714285714,7,6.857142857142857,69942.71428571429,30,15,0.8,8801.466666666667,1,30,6.266666666666667,63368.76666666667,30日内存在有油轮挂靠但估算货量零,https://portwatch.imf.org/pages/data-and-methodology
苏伊士运河,Egypt,El Sokhna,port828,2026-09-18,El Sokhna,El Sokhna,Egypt,Egypt,2,135102,0,135102,4,32590,8166,40756,7,7,1.2857142857142858,60203.28571428572,7,2.4285714285714284,21775.285714285714,30,28,1.6666666666666667,98023.8,2,30,2.8666666666666667,38188.433333333334,30日内存在有油轮挂靠但估算货量零,https://portwatch.imf.org/pages/data-and-methodology
苏伊士运河,Egypt,Port Said,port192,2026-09-18,Port Said,Port Said,Egypt,Egypt,1,1371,2900,4271,5,8138,5644,13782,7,2,0.2857142857142857,2703.714285714286,6,2.142857142857143,9946.42857142857,30,10,0.36666666666666664,2219.2,0,25,1.7333333333333334,9840.533333333333,当日记录与窗口记录已核对,https://portwatch.imf.org/pages/data-and-methodology
阿曼湾,Iran,Chabahar,port226,2026-09-18,Chabahar,Chabahar,Iran,Iran,0,0,0,0,0,0,0,0,7,0,0.0,0.0,3,0.42857142857142855,8187.857142857143,30,0,0.0,0.0,0,4,0.13333333333333333,3565.6,30日油轮挂靠全零：源覆盖待核,https://portwatch.imf.org/pages/data-and-methodology
阿曼湾,Iran,Jask,port2486,2026-09-18,Jask,Jask,Iran,Iran,0,0,0,0,0,0,0,0,7,0,0.0,0.0,1,0.14285714285714285,0.0,30,0,0.0,0.0,0,5,0.16666666666666666,0.0,30日油轮挂靠全零：源覆盖待核,https://portwatch.imf.org/pages/data-and-methodology
阿曼湾,Oman,Port Sultan Qaboos,port745,2026-09-18,Port Sultan Qaboos,Port Sultan Qaboos,Oman,Oman,0,0,0,0,0,0,0,0,7,0,0.0,0.0,3,0.5714285714285714,6098.857142857143,30,1,0.03333333333333333,211.76666666666668,0,11,0.5333333333333333,5032.133333333333,当日记录与窗口记录已核对,https://portwatch.imf.org/pages/data-and-methodology
阿曼湾,Oman,Port of Sohar,port988,2026-09-18,Port of Sohar,Port of Sohar,Oman,Oman,1,8136,17871,26007,4,18042,42019,60061,7,6,2.0,47034.857142857145,7,4.285714285714286,134072.0,30,26,1.8,39142.6,1,30,3.566666666666667,101652.46666666666,30日内存在有油轮挂靠但估算货量零,https://portwatch.imf.org/pages/data-and-methodology
阿曼湾,Oman,Qalhat LNG Terminal,port1068,2026-09-18,Qalhat LNG Terminal,Qalhat LNG Terminal,Oman,Oman,0,0,0,0,0,0,0,0,7,2,0.2857142857142857,23604.571428571428,1,0.14285714285714285,4828.857142857143,30,12,0.43333333333333335,16874.2,5,4,0.13333333333333333,4722.166666666667,当日油轮零但7日有挂靠；30日内存在有油轮挂靠但估算货量零,https://portwatch.imf.org/pages/data-and-methodology
阿曼湾,United Arab Emirates,Fujairah,port362,2026-09-18,Fujairah,Fujairah,United Arab Emirates,United Arab Emirates,6,67488,136004,203492,2,5906,92367,98273,7,7,4.714285714285714,176992.85714285713,6,1.7142857142857142,44339.0,30,30,4.633333333333334,135663.83333333334,0,27,2.1666666666666665,53584.0,当日记录与窗口记录已核对,https://portwatch.imf.org/pages/data-and-methodology
阿曼湾,United Arab Emirates,Khor Fakkan,port561,2026-09-18,Khor Fakkan,Khor Fakkan,United Arab Emirates,United Arab Emirates,0,0,0,0,1,0,1169,1169,7,0,0.0,0.0,7,1.5714285714285714,26083.285714285714,30,1,0.03333333333333333,16.966666666666665,0,23,1.6333333333333333,22690.666666666668,当日记录与窗口记录已核对,https://portwatch.imf.org/pages/data-and-methodology
霍尔木兹海峡,Iran,Bandar Abbas,port107,2026-09-18,Bandar Abbas,Bandar Abbas,Iran,Iran,0,0,0,0,0,0,0,0,7,0,0.0,0.0,1,0.14285714285714285,0.0,30,8,0.3,0.0,8,7,0.3,1271.0333333333333,30日内存在有油轮挂靠但估算货量零,https://portwatch.imf.org/pages/data-and-methodology
霍尔木兹海峡,Iran,Bandar Shahid Rajaee,port106,2026-09-18,Bandar Shahid Rajaee,Bandar Shahid Rajaee,Iran,Iran,0,0,0,0,0,0,0,0,7,0,0.0,0.0,2,0.2857142857142857,1655.857142857143,30,6,0.23333333333333334,754.7666666666667,3,12,0.4,3274.4,30日内存在有油轮挂靠但估算货量零,https://portwatch.imf.org/pages/data-and-methodology
霍尔木兹海峡,United Arab Emirates,Mina Saqr,port747,2026-09-18,Mina Saqr,Mina Saqr,United Arab Emirates,United Arab Emirates,0,0,0,0,3,2967,110517,113484,7,2,0.2857142857142857,2253.0,6,1.8571428571428572,51944.42857142857,30,5,0.16666666666666666,1745.8,0,27,2.1333333333333333,48678.166666666664,当日油轮零但7日有挂靠,https://portwatch.imf.org/pages/data-and-methodology
