国家,名称线索,原页,核验结果
埃及,Sitra,https://www.gem.wiki/Sitra_Oil_and_Gas_Field_(Egypt),保留历史快照线索；多次原页访问/检索仍未读到可确认名称的内容，未加入确认目录；不填产量/坐标
伊朗,Sulabedar,https://www.gem.wiki/Sulabedar_Oil_Field_(Iran),保留历史快照线索；多次原页访问/检索仍未读到可确认名称的内容，未加入确认目录；不填产量/坐标
埃及,East Bahariya,https://www.gem.wiki/East_Bahariya_Oil_and_Gas_Field_(Egypt),保留历史快照线索；多次原页访问/检索仍未读到可确认名称的内容，未加入确认目录；不填产量/坐标
埃及,East Beni Suef,https://www.gem.wiki/East_Beni_Suef_Oil_and_Gas_Field_(Egypt),保留历史快照线索；多次原页访问/检索仍未读到可确认名称的内容，未加入确认目录；不填产量/坐标
伊朗,Toos,https://www.gem.wiki/Toos_Gas_Field_(Iran),保留历史快照线索；多次原页访问/检索仍未读到可确认名称的内容，未加入确认目录；不填产量/坐标
叙利亚,Ahmer,https://www.gem.wiki/Ahmer_Oil_Field_(Syria),保留历史快照线索；多次原页访问/检索仍未读到可确认名称的内容，未加入确认目录；不填产量/坐标
埃及,West Kalabsha,https://www.gem.wiki/West_Kalabsha_Oil_and_Gas_Field_(Egypt),保留历史快照线索；多次原页访问/检索仍未读到可确认名称的内容，未加入确认目录；不填产量/坐标
叙利亚,Ratka,https://www.gem.wiki/Ratka_Oil_Field_(Syria),保留历史快照线索；多次原页访问/检索仍未读到可确认名称的内容，未加入确认目录；不填产量/坐标
叙利亚,Maleh,https://www.gem.wiki/Maleh_Oil_Field_(Syria),保留历史快照线索；多次原页访问/检索仍未读到可确认名称的内容，未加入确认目录；不填产量/坐标
以色列,Royee,https://www.gem.wiki/Royee_Oil_and_Gas_Field_(Israel),保留历史快照线索；多次原页访问/检索仍未读到可确认名称的内容，未加入确认目录；不填产量/坐标
埃及,Herunefer,https://www.gem.wiki/Herunefer_Oil_and_Gas_Field_(Egypt),保留历史快照线索；多次原页访问/检索仍未读到可确认名称的内容，未加入确认目录；不填产量/坐标
叙利亚,Fadeh,https://www.gem.wiki/Fadeh_Oil_Field_(Syria),保留历史快照线索；多次原页访问/检索仍未读到可确认名称的内容，未加入确认目录；不填产量/坐标
阿曼,Fahd,https://www.gem.wiki/Fahd_Oil_Field_(Oman),保留历史快照线索；多次原页访问/检索仍未读到可确认名称的内容，未加入确认目录；不填产量/坐标
伊朗,Ferdowsi,https://www.gem.wiki/Ferdowsi_Oil_and_Gas_Field_(Iran),保留历史快照线索；多次原页访问/检索仍未读到可确认名称的内容，未加入确认目录；不填产量/坐标
伊朗,Khayyam,https://www.gem.wiki/Khayyam_Gas_Field_(Iran),保留历史快照线索；多次原页访问/检索仍未读到可确认名称的内容，未加入确认目录；不填产量/坐标
埃及,Satis West,https://www.gem.wiki/Satis_West_Gas_Field_(Egypt),保留历史快照线索；多次原页访问/检索仍未读到可确认名称的内容，未加入确认目录；不填产量/坐标
科威特,Jazza,https://www.gem.wiki/Jazza_Oil_and_Gas_Field_(Kuwait),保留历史快照线索；多次原页访问/检索仍未读到可确认名称的内容，未加入确认目录；不填产量/坐标
埃及,Siwa,https://www.gem.wiki/Siwa_Oil_and_Gas_Field_(Egypt),保留历史快照线索；多次原页访问/检索仍未读到可确认名称的内容，未加入确认目录；不填产量/坐标
埃及,Kanayes,https://www.gem.wiki/Kanayes_Oil_and_Gas_Field_(Egypt),保留历史快照线索；多次原页访问/检索仍未读到可确认名称的内容，未加入确认目录；不填产量/坐标
