水域,国家,港口,PortWatch ID,日期UTC,点位库港名,日活动港名,点位库国家,日活动国家,当日油轮艘次,当日油轮卸货吨,当日油轮装货吨,当日油轮装卸吨,当日其他货轮艘次,当日其他货轮卸货吨,当日其他货轮装货吨,当日其他货轮装卸吨,7日有效天数,7日油轮有挂靠天数,7日油轮日均艘次,7日油轮日均装卸吨,7日其他货轮有挂靠天数,7日其他货轮日均艘次,7日其他货轮日均装卸吨,30日有效天数,30日油轮有挂靠天数,30日油轮日均艘次,30日油轮日均装卸吨,30日油轮有挂靠但估算货量零天数,30日其他货轮有挂靠天数,30日其他货轮日均艘次,30日其他货轮日均装卸吨,复核提示,目录覆盖,纬度,经度,停复运状态,状态截至,状态依据,状态证据,来源
曼德海峡,Djibouti,Djibouti,port294,2026-09-25,Djibouti,Djibouti,Djibouti,Djibouti,0,0,0,0,1,14518,0,14518,7,4,0.8571428571428571,17142.85714285714,7,2.0,22389.428571428572,30,16,0.7333333333333333,16055.133333333333,1,30,2.7,28139.633333333335,当日油轮零但7日有挂靠；30日内存在有油轮挂靠但估算货量零,AIS识别进港及模型估算货量；不是港务局实测吞吐量,11.59746443,43.10371866,当前停复运待核,未取得当前逐港公告,港口名录及AIS活动不直接证明停复运；零量或缺报不等于关闭。,,https://portwatch.imf.org/pages/data-and-methodology
曼德海峡,Djibouti,Doraleh,wpi47855,2026-09-25,Doraleh,,Djibouti,,,,,,,,,,0,,,,,,,0,,,,,,,,无独立PortWatch统计；不可填0；窗口源记录不全,NGA名录补充，观察量未知；邻近综合港可能范围重叠，不借用邻港统计；名录日期未注明,11.602777778,43.088611111,当前停复运待核,未取得当前逐港公告,港口名录及AIS活动不直接证明停复运；零量或缺报不等于关闭。,,https://msi.nga.mil/api/publications/download?key=16694622%2FSFH00000%2FUpdatedPub150.csv
曼德海峡,Eritrea,Assab,wpi47880,2026-09-25,Assab,,Eritrea,,,,,,,,,,0,,,,,,,0,,,,,,,,无独立PortWatch统计；不可填0；窗口源记录不全,NGA名录补充，观察量未知；邻近综合港可能范围重叠，不借用邻港统计；名录日期未注明,13.0,42.75,当前停复运待核,未取得当前逐港公告,港口名录及AIS活动不直接证明停复运；零量或缺报不等于关闭。,,https://msi.nga.mil/api/publications/download?key=16694622%2FSFH00000%2FUpdatedPub150.csv
曼德海峡,Yemen,Aden,port9,2026-09-25,Aden,Aden,Yemen,Yemen,1,17892,1026,18918,2,21723,14976,36699,7,1,0.14285714285714285,2702.5714285714284,6,1.4285714285714286,15556.714285714286,30,2,0.06666666666666667,1654.5,0,21,1.3333333333333333,15090.4,当日记录与窗口记录已核对,AIS识别进港及模型估算货量；不是港务局实测吞吐量,12.78186553,44.95494325,当前停复运待核,未取得当前逐港公告,港口名录及AIS活动不直接证明停复运；零量或缺报不等于关闭。,,https://portwatch.imf.org/pages/data-and-methodology
曼德海峡,Yemen,Hudaydah (Hodeidah),port18,2026-09-25,Hudaydah (Hodeidah),Hudaydah (Hodeidah),Yemen,Yemen,0,0,0,0,0,0,0,0,7,0,0.0,0.0,1,0.14285714285714285,3088.714285714286,30,1,0.03333333333333333,410.0,0,8,0.3,5653.3,当日记录与窗口记录已核对,AIS识别进港及模型估算货量；不是港务局实测吞吐量,14.8331155,42.94343741,当前停复运待核,未取得当前逐港公告,港口名录及AIS活动不直接证明停复运；零量或缺报不等于关闭。,,https://portwatch.imf.org/pages/data-and-methodology
曼德海峡,Yemen,Mokha,port2109,2026-09-25,Mokha,Mokha,Yemen,Yemen,0,0,0,0,0,0,0,0,7,0,0.0,0.0,0,0.0,0.0,30,0,0.0,0.0,0,0,0.0,0.0,30日油轮挂靠全零：源覆盖待核；30日两类挂靠全零：源覆盖待核,AIS识别进港及模型估算货量；不是港务局实测吞吐量,13.2999773445722,43.2338128020907,当前停复运待核,未取得当前逐港公告,港口名录及AIS活动不直接证明停复运；零量或缺报不等于关闭。,,https://portwatch.imf.org/pages/data-and-methodology
曼德海峡,Yemen,Ras Isa Terminal,port2245,2026-09-25,Ras Isa Terminal,Ras Isa Terminal,Yemen,Yemen,0,0,0,0,0,0,0,0,7,0,0.0,0.0,0,0.0,0.0,30,0,0.0,0.0,0,0,0.0,0.0,30日油轮挂靠全零：源覆盖待核；30日两类挂靠全零：源覆盖待核,AIS识别进港及模型估算货量；不是港务局实测吞吐量,15.2506749411968,42.6176409513343,当前停复运待核,未取得当前逐港公告,港口名录及AIS活动不直接证明停复运；零量或缺报不等于关闭。,,https://portwatch.imf.org/pages/data-and-methodology
曼德海峡,Yemen,Salif,port2219,2026-09-25,Salif,Salif,Yemen,Yemen,0,0,0,0,0,0,0,0,7,0,0.0,0.0,1,0.14285714285714285,4737.0,30,0,0.0,0.0,0,6,0.2,7104.166666666667,30日油轮挂靠全零：源覆盖待核,AIS识别进港及模型估算货量；不是港务局实测吞吐量,15.3169166182557,42.6736742475775,当前停复运待核,未取得当前逐港公告,港口名录及AIS活动不直接证明停复运；零量或缺报不等于关闭。,,https://portwatch.imf.org/pages/data-and-methodology
波斯湾,Bahrain,Al Manamah,wpi48310,2026-09-25,Al Manamah,,Bahrain,,,,,,,,,,0,,,,,,,0,,,,,,,,无独立PortWatch统计；不可填0；窗口源记录不全,NGA名录补充，观察量未知；邻近综合港可能范围重叠，不借用邻港统计；名录日期未注明,26.233333,50.583333,当前停复运待核,未取得当前逐港公告,港口名录及AIS活动不直接证明停复运；零量或缺报不等于关闭。,,https://msi.nga.mil/api/publications/download?key=16694622%2FSFH00000%2FUpdatedPub150.csv
波斯湾,Bahrain,Khalifa Bin Salman,port2012,2026-09-25,Khalifa Bin Salman,Khalifa Bin Salman,Bahrain,Bahrain,0,0,0,0,0,0,0,0,7,0,0.0,0.0,0,0.0,0.0,30,0,0.0,0.0,0,0,0.0,0.0,30日油轮挂靠全零：源覆盖待核；30日两类挂靠全零：源覆盖待核,AIS识别进港及模型估算货量；不是港务局实测吞吐量,26.2546428806082,50.6789666064565,当前停复运待核,未取得当前逐港公告,港口名录及AIS活动不直接证明停复运；零量或缺报不等于关闭。,,https://portwatch.imf.org/pages/data-and-methodology
波斯湾,Bahrain,Mina Salman,port2060,2026-09-25,Mina Salman,Mina Salman,Bahrain,Bahrain,0,0,0,0,1,5436,0,5436,7,0,0.0,0.0,3,0.42857142857142855,1124.2857142857142,30,0,0.0,0.0,0,5,0.16666666666666666,623.9333333333333,30日油轮挂靠全零：源覆盖待核,AIS识别进港及模型估算货量；不是港务局实测吞吐量,26.1915358163903,50.6100103379679,当前停复运待核,未取得当前逐港公告,港口名录及AIS活动不直接证明停复运；零量或缺报不等于关闭。,,https://portwatch.imf.org/pages/data-and-methodology
波斯湾,Bahrain,Sitrah,port1203,2026-09-25,Sitrah,Sitrah,Bahrain,Bahrain,0,0,0,0,3,64756,39855,104611,7,2,0.42857142857142855,4850.714285714285,6,1.4285714285714286,25900.428571428572,30,14,0.6,14290.766666666666,0,19,1.1333333333333333,19909.8,当日油轮零但7日有挂靠,AIS识别进港及模型估算货量；不是港务局实测吞吐量,26.18935646,50.66794163,当前停复运待核,原始名录/公告期，非当前遥测,政府招标文件确认Bapco运营Sitra码头；泊位改造不证明整港停止作业。,https://tenderboard.gov.bh/openedtenderdetails/?envelope=TQ%2FPB%2FPQ&id=26%2F2025%2FBTB+%28T78534+%29&source=New&type=1,https://portwatch.imf.org/pages/data-and-methodology
波斯湾,Iran,Abadan,port2477,2026-09-25,Abadan,Abadan,Iran,Iran,0,0,0,0,0,0,0,0,7,0,0.0,0.0,1,0.14285714285714285,85.71428571428571,30,0,0.0,0.0,0,2,0.06666666666666667,27.5,30日油轮挂靠全零：源覆盖待核,AIS识别进港及模型估算货量；不是港务局实测吞吐量,30.332150759313542,48.27775739385089,当前停复运待核,未取得当前逐港公告,港口名录及AIS活动不直接证明停复运；零量或缺报不等于关闭。,,https://portwatch.imf.org/pages/data-and-methodology
波斯湾,Iran,Bahregan,port2478,2026-09-25,Bahregan,Bahregan,Iran,Iran,0,0,0,0,0,0,0,0,7,0,0.0,0.0,0,0.0,0.0,30,0,0.0,0.0,0,0,0.0,0.0,30日油轮挂靠全零：源覆盖待核；30日两类挂靠全零：源覆盖待核,AIS识别进港及模型估算货量；不是港务局实测吞吐量,29.832803889581644,50.25193205108165,当前停复运待核,未取得当前逐港公告,港口名录及AIS活动不直接证明停复运；零量或缺报不等于关闭。,,https://portwatch.imf.org/pages/data-and-methodology
波斯湾,Iran,Bandar Khomeini,port108,2026-09-25,Bandar Khomeini,Bandar Khomeini,Iran,Iran,0,0,0,0,0,0,0,0,7,0,0.0,0.0,2,0.2857142857142857,17327.85714285714,30,1,0.03333333333333333,957.3,0,9,0.3333333333333333,16165.533333333333,当日记录与窗口记录已核对,AIS识别进港及模型估算货量；不是港务局实测吞吐量,30.4356647,49.06761425,当前停复运待核,未取得当前逐港公告,港口名录及AIS活动不直接证明停复运；零量或缺报不等于关闭。,,https://portwatch.imf.org/pages/data-and-methodology
波斯湾,Iran,Bandar Taheri Offshore Terminal,wpi48533,2026-09-25,Bandar Taheri Offshore Terminal,,Iran,,,,,,,,,,0,,,,,,,0,,,,,,,,无独立PortWatch统计；不可填0；窗口源记录不全,NGA名录补充，观察量未知；邻近综合港可能范围重叠，不借用邻港统计；名录日期未注明,27.65,52.35,当前停复运待核,未取得当前逐港公告,港口名录及AIS活动不直接证明停复运；零量或缺报不等于关闭。,,https://msi.nga.mil/api/publications/download?key=16694622%2FSFH00000%2FUpdatedPub150.csv
波斯湾,Iran,Bandar-E Mahshahr,wpi48450,2026-09-25,Bandar-E Mahshahr,,Iran,,,,,,,,,,0,,,,,,,0,,,,,,,,无独立PortWatch统计；不可填0；窗口源记录不全,NGA名录补充，观察量未知；邻近综合港可能范围重叠，不借用邻港统计；名录日期未注明,30.466667,49.183333,当前停复运待核,未取得当前逐港公告,港口名录及AIS活动不直接证明停复运；零量或缺报不等于关闭。,,https://msi.nga.mil/api/publications/download?key=16694622%2FSFH00000%2FUpdatedPub150.csv
波斯湾,Iran,Bandar-E Pars Terminal,port105,2026-09-25,Bandar-E Pars Terminal,Bandar-E Pars Terminal,Iran,Iran,0,0,0,0,1,160,137,297,7,1,0.2857142857142857,21918.714285714286,3,0.42857142857142855,127.28571428571429,30,5,0.2,18831.366666666665,0,12,0.5,1769.3333333333333,当日油轮零但7日有挂靠,AIS识别进港及模型估算货量；不是港务局实测吞吐量,27.56361956,52.51242998,当前停复运待核,未取得当前逐港公告,港口名录及AIS活动不直接证明停复运；零量或缺报不等于关闭。,,https://portwatch.imf.org/pages/data-and-methodology
波斯湾,Iran,Bushehr,port196,2026-09-25,Bushehr,Bushehr,Iran,Iran,0,0,0,0,0,0,0,0,7,0,0.0,0.0,1,0.14285714285714285,0.0,30,0,0.0,0.0,0,8,0.3,167.6,30日油轮挂靠全零：源覆盖待核,AIS识别进港及模型估算货量；不是港务局实测吞吐量,28.99153747,50.83467263,当前停复运待核,未取得当前逐港公告,港口名录及AIS活动不直接证明停复运；零量或缺报不等于关闭。,,https://portwatch.imf.org/pages/data-and-methodology
波斯湾,Iran,Jazireh-Ye Sirri,wpi48535,2026-09-25,Jazireh-Ye Sirri,,Iran,,,,,,,,,,0,,,,,,,0,,,,,,,,无独立PortWatch统计；不可填0；窗口源记录不全,NGA名录补充，观察量未知；邻近综合港可能范围重叠，不借用邻港统计；名录日期未注明,25.9,54.55,当前停复运待核,未取得当前逐港公告,港口名录及AIS活动不直接证明停复运；零量或缺报不等于关闭。,,https://msi.nga.mil/api/publications/download?key=16694622%2FSFH00000%2FUpdatedPub150.csv
波斯湾,Iran,Kharg Island,port2164,2026-09-25,Kharg Island,Kharg Island,Iran,Iran,0,0,0,0,0,0,0,0,7,0,0.0,0.0,2,0.2857142857142857,0.0,30,0,0.0,0.0,0,6,0.2,0.0,30日油轮挂靠全零：源覆盖待核,AIS识别进港及模型估算货量；不是港务局实测吞吐量,29.2430727915583,50.335074434646,当前停复运待核,未取得当前逐港公告,港口名录及AIS活动不直接证明停复运；零量或缺报不等于关闭。,,https://portwatch.imf.org/pages/data-and-methodology
波斯湾,Iran,Khorramshahr,port563,2026-09-25,Khorramshahr,Khorramshahr,Iran,Iran,0,0,0,0,0,0,0,0,7,0,0.0,0.0,3,0.42857142857142855,204.28571428571428,30,0,0.0,0.0,0,10,0.4,165.36666666666667,30日油轮挂靠全零：源覆盖待核,AIS识别进港及模型估算货量；不是港务局实测吞吐量,30.44360334,48.15439964,当前停复运待核,未取得当前逐港公告,港口名录及AIS活动不直接证明停复运；零量或缺报不等于关闭。,,https://portwatch.imf.org/pages/data-and-methodology
波斯湾,Iran,Khosrowabad,wpi48440,2026-09-25,Khosrowabad,,Iran,,,,,,,,,,0,,,,,,,0,,,,,,,,无独立PortWatch统计；不可填0；窗口源记录不全,NGA名录补充，观察量未知；邻近综合港可能范围重叠，不借用邻港统计；名录日期未注明,30.166667,48.416667,当前停复运待核,未取得当前逐港公告,港口名录及AIS活动不直接证明停复运；零量或缺报不等于关闭。,,https://msi.nga.mil/api/publications/download?key=16694622%2FSFH00000%2FUpdatedPub150.csv
波斯湾,Iran,Lavan,port2165,2026-09-25,Lavan,Lavan,Iran,Iran,0,0,0,0,0,0,0,0,7,0,0.0,0.0,0,0.0,0.0,30,2,0.06666666666666667,0.0,2,0,0.0,0.0,30日内存在有油轮挂靠但估算货量零,AIS识别进港及模型估算货量；不是港务局实测吞吐量,26.7905436961137,53.3501575546447,当前停复运待核,未取得当前逐港公告,港口名录及AIS活动不直接证明停复运；零量或缺报不等于关闭。,,https://portwatch.imf.org/pages/data-and-methodology
波斯湾,Iran,Sirus Oil Terminal,wpi48468,2026-09-25,Sirus Oil Terminal,,Iran,,,,,,,,,,0,,,,,,,0,,,,,,,,无独立PortWatch统计；不可填0；窗口源记录不全,NGA名录补充，观察量未知；邻近综合港可能范围重叠，不借用邻港统计；名录日期未注明,29.016667,49.483333,当前停复运待核,未取得当前逐港公告,港口名录及AIS活动不直接证明停复运；零量或缺报不等于关闭。,,https://msi.nga.mil/api/publications/download?key=16694622%2FSFH00000%2FUpdatedPub150.csv
波斯湾,Iraq,Al Basrah,port20,2026-09-25,Al Basrah,Al Basrah,Iraq,Iraq,0,0,0,0,0,0,0,0,7,0,0.0,0.0,0,0.0,0.0,30,0,0.0,0.0,0,0,0.0,0.0,30日油轮挂靠全零：源覆盖待核；30日两类挂靠全零：源覆盖待核,AIS识别进港及模型估算货量；不是港务局实测吞吐量,30.55796288,47.79778641,当前停复运待核,未取得当前逐港公告,港口名录及AIS活动不直接证明停复运；零量或缺报不等于关闭。,,https://portwatch.imf.org/pages/data-and-methodology
波斯湾,Iraq,Al Faw Grand Port,facility_grand_faw,2026-09-25,Al Faw Grand Port,,Iraq,,,,,,,,,,0,,,,,,,0,,,,,,,,无独立PortWatch统计；不可填0；窗口源记录不全,具名设施补充，进港/货量未知，不借用邻近或同名统计节点。,,,建设／商业启用待核,官方FAQ无发布日期；2026-04作业新闻,官方FAQ只披露预计2026年运营；2026-04新闻称拖轮待港口启用即服务。未取得已商业启用披露，保留建设/启用待核。,https://en.alfawport.gov.iq/faq/,https://en.alfawport.gov.iq/faq/
波斯湾,Iraq,Basrah Oil Terminal,port2479,2026-09-25,Basrah Oil Terminal,Basrah Oil Terminal,Iraq,Iraq,0,0,0,0,0,0,0,0,7,2,0.42857142857142855,64257.142857142855,0,0.0,0.0,30,7,0.3,28470.366666666665,2,1,0.03333333333333333,0.0,当日油轮零但7日有挂靠；30日内存在有油轮挂靠但估算货量零,AIS识别进港及模型估算货量；不是港务局实测吞吐量,29.681608480330027,48.824837389348225,当前停复运待核,未取得当前逐港公告,港口名录及AIS活动不直接证明停复运；零量或缺报不等于关闭。,,https://portwatch.imf.org/pages/data-and-methodology
波斯湾,Iraq,Khawr Al Amaya,wpi48390,2026-09-25,Khawr Al Amaya,,Iraq,,,,,,,,,,0,,,,,,,0,,,,,,,,无独立PortWatch统计；不可填0；窗口源记录不全,NGA名录补充，观察量未知；邻近综合港可能范围重叠，不借用邻港统计；名录日期未注明,29.783333,48.8,当前停复运待核,未取得当前逐港公告,港口名录及AIS活动不直接证明停复运；零量或缺报不等于关闭。,,https://msi.nga.mil/api/publications/download?key=16694622%2FSFH00000%2FUpdatedPub150.csv
波斯湾,Iraq,Khawr Al Zubair,wpi48404,2026-09-25,Khawr Al Zubair,,Iraq,,,,,,,,,,0,,,,,,,0,,,,,,,,无独立PortWatch统计；不可填0；窗口源记录不全,NGA名录补充，观察量未知；邻近综合港可能范围重叠，不借用邻港统计；名录日期未注明,30.183333,47.9,当前停复运待核,未取得当前逐港公告,港口名录及AIS活动不直接证明停复运；零量或缺报不等于关闭。,,https://msi.nga.mil/api/publications/download?key=16694622%2FSFH00000%2FUpdatedPub150.csv
波斯湾,Iraq,Khawr Al Zubair Lng Terminal,wpi48406,2026-09-25,Khawr Al Zubair Lng Terminal,,Iraq,,,,,,,,,,0,,,,,,,0,,,,,,,,无独立PortWatch统计；不可填0；窗口源记录不全,NGA名录补充，观察量未知；邻近综合港可能范围重叠，不借用邻港统计；名录日期未注明,30.133333,47.916667,当前停复运待核,未取得当前逐港公告,港口名录及AIS活动不直接证明停复运；零量或缺报不等于关闭。,,https://msi.nga.mil/api/publications/download?key=16694622%2FSFH00000%2FUpdatedPub150.csv
波斯湾,Iraq,Umm Qasr,port1341,2026-09-25,Umm Qasr,Umm Qasr,Iraq,Iraq,3,9297,50938,60235,2,28454,0,28454,7,5,1.2857142857142858,25509.14285714286,6,3.0,25258.571428571428,30,22,1.5333333333333334,22460.366666666665,2,26,2.1,12282.666666666666,30日内存在有油轮挂靠但估算货量零,AIS识别进港及模型估算货量；不是港务局实测吞吐量,30.1137845,47.90182168,当前停复运待核,未取得当前逐港公告,港口名录及AIS活动不直接证明停复运；零量或缺报不等于关闭。,,https://portwatch.imf.org/pages/data-and-methodology
波斯湾,Kuwait,Doha Harbor,wpi48374,2026-09-25,Doha Harbor,,Kuwait,,,,,,,,,,0,,,,,,,0,,,,,,,,无独立PortWatch统计；不可填0；窗口源记录不全,NGA名录补充，观察量未知；邻近综合港可能范围重叠，不借用邻港统计；名录日期未注明,29.383333,47.8,当前停复运待核,未取得当前逐港公告,港口名录及AIS活动不直接证明停复运；零量或缺报不等于关闭。,,https://msi.nga.mil/api/publications/download?key=16694622%2FSFH00000%2FUpdatedPub150.csv
波斯湾,Kuwait,Mina Abd Allah,wpi48360,2026-09-25,Mina Abd Allah,,Kuwait,,,,,,,,,,0,,,,,,,0,,,,,,,,无独立PortWatch统计；不可填0；窗口源记录不全,NGA名录补充，观察量未知；邻近综合港可能范围重叠，不借用邻港统计；名录日期未注明,29.016667,48.166667,当前停复运待核,未取得当前逐港公告,港口名录及AIS活动不直接证明停复运；零量或缺报不等于关闭。,,https://msi.nga.mil/api/publications/download?key=16694622%2FSFH00000%2FUpdatedPub150.csv
波斯湾,Kuwait,Mina Al Ahmadi,port743,2026-09-25,Mina Al Ahmadi,Mina Al Ahmadi,Kuwait,Kuwait,0,0,0,0,0,0,0,0,7,0,0.0,0.0,0,0.0,0.0,30,0,0.0,0.0,0,0,0.0,0.0,30日油轮挂靠全零：源覆盖待核；30日两类挂靠全零：源覆盖待核,AIS识别进港及模型估算货量；不是港务局实测吞吐量,29.0455478,48.14514574,当前停复运待核,未取得当前逐港公告,港口名录及AIS活动不直接证明停复运；零量或缺报不等于关闭。,,https://portwatch.imf.org/pages/data-and-methodology
波斯湾,Kuwait,Mina Al Zour,port2493,2026-09-25,Mina Al Zour,Mina Al Zour,Kuwait,Kuwait,0,0,0,0,0,0,0,0,7,0,0.0,0.0,0,0.0,0.0,30,1,0.03333333333333333,0.0,1,0,0.0,0.0,30日内存在有油轮挂靠但估算货量零,AIS识别进港及模型估算货量；不是港务局实测吞吐量,28.709723935656893,48.39148159230054,当前停复运待核,未取得当前逐港公告,港口名录及AIS活动不直接证明停复运；零量或缺报不等于关闭。,,https://portwatch.imf.org/pages/data-and-methodology
波斯湾,Kuwait,Shuaiba,port2067,2026-09-25,Shuaiba,Shuaiba,Kuwait,Kuwait,0,0,0,0,0,0,0,0,7,0,0.0,0.0,1,0.14285714285714285,76.85714285714286,30,0,0.0,0.0,0,6,0.2,2381.366666666667,30日油轮挂靠全零：源覆盖待核,AIS识别进港及模型估算货量；不是港务局实测吞吐量,29.0394783129701,48.1670519806477,当前停复运待核,原始名录/公告期，非当前遥测,KPA名录确认Shuwaikh、Shuaiba、Doha商港；统计节点与独立港区不混淆；当前开闭待核。,https://kpa.gov.kw/en/about-us/,https://portwatch.imf.org/pages/data-and-methodology
波斯湾,Kuwait,Shuwaikh,port25,2026-09-25,Shuwaikh,Shuwaikh,Kuwait,Kuwait,0,0,0,0,0,0,0,0,7,0,0.0,0.0,0,0.0,0.0,30,0,0.0,0.0,0,2,0.06666666666666667,736.1333333333333,30日油轮挂靠全零：源覆盖待核,AIS识别进港及模型估算货量；不是港务局实测吞吐量,29.35210588,47.92389677,当前停复运待核,原始名录/公告期，非当前遥测,KPA名录确认Shuwaikh、Shuaiba、Doha商港；统计节点与独立港区不混淆；当前开闭待核。,https://kpa.gov.kw/en/about-us/,https://portwatch.imf.org/pages/data-and-methodology
波斯湾,Qatar,Al Rayyan Terminal,wpi48300,2026-09-25,Al Rayyan Terminal,,Qatar,,,,,,,,,,0,,,,,,,0,,,,,,,,无独立PortWatch统计；不可填0；窗口源记录不全,NGA名录补充，观察量未知；邻近综合港可能范围重叠，不借用邻港统计；名录日期未注明,26.65,51.55,当前停复运待核,未取得当前逐港公告,港口名录及AIS活动不直接证明停复运；零量或缺报不等于关闭。,,https://msi.nga.mil/api/publications/download?key=16694622%2FSFH00000%2FUpdatedPub150.csv
波斯湾,Qatar,Al Ruwais,port1117,2026-09-25,Al Ruwais,Al Ruwais,Qatar,Qatar,0,0,0,0,0,0,0,0,7,0,0.0,0.0,2,0.42857142857142855,116.85714285714286,30,0,0.0,0.0,0,9,0.36666666666666664,85.43333333333334,30日油轮挂靠全零：源覆盖待核,AIS识别进港及模型估算货量；不是港务局实测吞吐量,26.14559103,51.20530511,当前停复运待核,网页未标当日观察期,Mwani名录确认Al Ruwais商业港；与阿联酋Ruwais不是同港，不以名录或AIS零量推定当前关闭。,https://www.mwani.com.qa/English/Ports/Pages/AlRuwaisPort.aspx,https://portwatch.imf.org/pages/data-and-methodology
波斯湾,Qatar,Al Shaheen Terminal,wpi48298,2026-09-25,Al Shaheen Terminal,,Qatar,,,,,,,,,,0,,,,,,,0,,,,,,,,无独立PortWatch统计；不可填0；窗口源记录不全,NGA名录补充，观察量未知；邻近综合港可能范围重叠，不借用邻港统计；名录日期未注明,26.583333,52.0,当前停复运待核,未取得当前逐港公告,港口名录及AIS活动不直接证明停复运；零量或缺报不等于关闭。,,https://msi.nga.mil/api/publications/download?key=16694622%2FSFH00000%2FUpdatedPub150.csv
波斯湾,Qatar,Doha Port (Old Port),facility_doha_old,2026-09-25,Doha Port (Old Port),,Qatar,,,,,,,,,,0,,,,,,,0,,,,,,,,无独立PortWatch统计；不可填0；窗口源记录不全,Mwani具名港口；PortWatch的Doha-Umm Said为另一综合统计节点，范围未独立对应，不拆分或借用统计。,,,当前停复运待核,网页无观察期；2026-10-03名称复核,原始运营商名录确认名称；无当前停复运公告或逐港实测日量，不能由AIS零量推定停运。,https://www.mwani.com.qa/English/Ports/Pages/DohaPort.aspx,https://www.mwani.com.qa/English/Ports/Pages/DohaPort.aspx
波斯湾,Qatar,Doha-Umm Said,port1342,2026-09-25,Doha-Umm Said,Doha-Umm Said,Qatar,Qatar,1,0,0,0,1,32869,11263,44132,7,4,0.5714285714285714,16969.428571428572,3,0.42857142857142855,21496.428571428572,30,13,0.43333333333333335,8979.5,2,14,0.6,21558.8,当日有油轮挂靠但估算货量零；30日内存在有油轮挂靠但估算货量零,AIS识别进港及模型估算货量；不是港务局实测吞吐量；跨库对应多个名录条目，PortWatch统计保持一个节点，不拆分：Doha / Umm Said,24.96358831,51.56713164,当前停复运待核,未取得当前逐港公告,港口名录及AIS活动不直接证明停复运；零量或缺报不等于关闭。,,https://portwatch.imf.org/pages/data-and-methodology
波斯湾,Qatar,Hamad Port,port2026,2026-09-25,Hamad Port,Hamad Port,Qatar,Qatar,0,0,0,0,2,11441,1754,13195,7,0,0.0,0.0,6,1.2857142857142858,6241.714285714285,30,0,0.0,0.0,0,21,1.1,4333.7,30日油轮挂靠全零：源覆盖待核,AIS识别进港及模型估算货量；不是港务局实测吞吐量,25.0199084210527,51.6189139089543,当前停复运待核,原始名录/公告期，非当前遥测,Mwani明确Hamad于2016年开始运营；不能由历史首运推定当前日状态。,https://www.mwani.com.qa/English/Ports/HamadPort/Pages/default.aspx,https://portwatch.imf.org/pages/data-and-methodology
波斯湾,Qatar,Jazirat Halul,wpi48295,2026-09-25,Jazirat Halul,,Qatar,,,,,,,,,,0,,,,,,,0,,,,,,,,无独立PortWatch统计；不可填0；窗口源记录不全,NGA名录补充，观察量未知；邻近综合港可能范围重叠，不借用邻港统计；名录日期未注明,25.683333,52.416667,当前停复运待核,未取得当前逐港公告,港口名录及AIS活动不直接证明停复运；零量或缺报不等于关闭。,,https://msi.nga.mil/api/publications/download?key=16694622%2FSFH00000%2FUpdatedPub150.csv
波斯湾,Qatar,Ras Laffan,port1090,2026-09-25,Ras Laffan,Ras Laffan,Qatar,Qatar,0,0,0,0,0,0,0,0,7,4,0.8571428571428571,34595.142857142855,2,0.42857142857142855,215.85714285714286,30,18,0.8666666666666667,34473.066666666666,1,11,0.5333333333333333,2179.0666666666666,当日油轮零但7日有挂靠；30日内存在有油轮挂靠但估算货量零,AIS识别进港及模型估算货量；不是港务局实测吞吐量,25.90850676,51.59049926,当前停复运待核,未取得当前逐港公告,港口名录及AIS活动不直接证明停复运；零量或缺报不等于关闭。,,https://portwatch.imf.org/pages/data-and-methodology
波斯湾,Saudi Arabia,Dammam,port275,2026-09-25,Dammam,Dammam,Saudi Arabia,Saudi Arabia,0,0,0,0,1,0,0,0,7,1,0.14285714285714285,265.7142857142857,7,2.0,10752.57142857143,30,1,0.03333333333333333,62.0,0,24,1.6,15413.966666666667,当日油轮零但7日有挂靠,AIS识别进港及模型估算货量；不是港务局实测吞吐量,26.47626701,50.19439715,当前停复运待核,未取得当前逐港公告,港口名录及AIS活动不直接证明停复运；零量或缺报不等于关闭。,,https://portwatch.imf.org/pages/data-and-methodology
波斯湾,Saudi Arabia,Ju Aymah Lpg Terminal,wpi48342,2026-09-25,Ju Aymah Lpg Terminal,,Saudi Arabia,,,,,,,,,,0,,,,,,,0,,,,,,,,无独立PortWatch统计；不可填0；窗口源记录不全,NGA名录补充，观察量未知；邻近综合港可能范围重叠，不借用邻港统计；名录日期未注明,26.866667,50.05,当前停复运待核,未取得当前逐港公告,港口名录及AIS活动不直接证明停复运；零量或缺报不等于关闭。,,https://msi.nga.mil/api/publications/download?key=16694622%2FSFH00000%2FUpdatedPub150.csv
波斯湾,Saudi Arabia,Juaymah,port526,2026-09-25,Juaymah,Juaymah,Saudi Arabia,Saudi Arabia,0,0,0,0,0,0,0,0,7,0,0.0,0.0,0,0.0,0.0,30,2,0.06666666666666667,12800.533333333333,0,0,0.0,0.0,当日记录与窗口记录已核对,AIS识别进港及模型估算货量；不是港务局实测吞吐量,26.80319051,49.97698013,当前停复运待核,未取得当前逐港公告,港口名录及AIS活动不直接证明停复运；零量或缺报不等于关闭。,,https://portwatch.imf.org/pages/data-and-methodology
波斯湾,Saudi Arabia,Jubail,port24,2026-09-25,Jubail,Jubail,Saudi Arabia,Saudi Arabia,1,1354,17902,19256,1,677,14,691,7,6,1.8571428571428572,62360.42857142857,4,0.5714285714285714,19342.285714285714,30,22,1.2,35048.63333333333,1,13,0.5333333333333333,16261.633333333333,30日内存在有油轮挂靠但估算货量零,AIS识别进港及模型估算货量；不是港务局实测吞吐量,27.05573014,49.6603903,当前停复运待核,未取得当前逐港公告,港口名录及AIS活动不直接证明停复运；零量或缺报不等于关闭。,,https://portwatch.imf.org/pages/data-and-methodology
波斯湾,Saudi Arabia,Ras Al Ghar,wpi48341,2026-09-25,Ras Al Ghar,,Saudi Arabia,,,,,,,,,,0,,,,,,,0,,,,,,,,无独立PortWatch统计；不可填0；窗口源记录不全,NGA名录补充，观察量未知；邻近综合港可能范围重叠，不借用邻港统计；名录日期未注明,26.9,49.866667,当前停复运待核,未取得当前逐港公告,港口名录及AIS活动不直接证明停复运；零量或缺报不等于关闭。,,https://msi.nga.mil/api/publications/download?key=16694622%2FSFH00000%2FUpdatedPub150.csv
波斯湾,Saudi Arabia,Ras Al Khafji,port2217,2026-09-25,Ras Al Khafji,Ras Al Khafji,Saudi Arabia,Saudi Arabia,0,0,0,0,0,0,0,0,7,0,0.0,0.0,0,0.0,0.0,30,0,0.0,0.0,0,0,0.0,0.0,30日油轮挂靠全零：源覆盖待核；30日两类挂靠全零：源覆盖待核,AIS识别进港及模型估算货量；不是港务局实测吞吐量,28.4147323996188,48.5244701173789,当前停复运待核,未取得当前逐港公告,港口名录及AIS活动不直接证明停复运；零量或缺报不等于关闭。,,https://portwatch.imf.org/pages/data-and-methodology
波斯湾,Saudi Arabia,Ras Al Mishab,port1088,2026-09-25,Ras Al Mishab,Ras Al Mishab,Saudi Arabia,Saudi Arabia,0,0,0,0,0,0,0,0,7,2,0.2857142857142857,245.42857142857142,2,0.2857142857142857,11.428571428571429,30,6,0.26666666666666666,229.06666666666666,2,6,0.2,13.9,当日油轮零但7日有挂靠；30日内存在有油轮挂靠但估算货量零,AIS识别进港及模型估算货量；不是港务局实测吞吐量,27.88827937,48.81709477,当前停复运待核,未取得当前逐港公告,港口名录及AIS活动不直接证明停复运；零量或缺报不等于关闭。,,https://portwatch.imf.org/pages/data-and-methodology
波斯湾,Saudi Arabia,Ras Al-Khair,port1089,2026-09-25,Ras Al-Khair,Ras Al-Khair,Saudi Arabia,Saudi Arabia,0,0,0,0,1,2591,28620,31211,7,1,0.14285714285714285,2233.5714285714284,1,0.14285714285714285,4458.714285714285,30,3,0.1,2495.1666666666665,0,5,0.16666666666666666,3592.0,当日油轮零但7日有挂靠,AIS识别进港及模型估算货量；不是港务局实测吞吐量,27.54005494,49.18719288,当前停复运待核,未取得当前逐港公告,港口名录及AIS活动不直接证明停复运；零量或缺报不等于关闭。,,https://portwatch.imf.org/pages/data-and-methodology
波斯湾,Saudi Arabia,Ras Tanura,port1091,2026-09-25,Ras Tanura,Ras Tanura,Saudi Arabia,Saudi Arabia,1,34553,0,34553,0,0,0,0,7,4,0.7142857142857143,42602.0,0,0.0,0.0,30,16,0.8666666666666667,47490.933333333334,0,0,0.0,0.0,当日记录与窗口记录已核对,AIS识别进港及模型估算货量；不是港务局实测吞吐量,26.67168923,50.12291543,当前停复运待核,未取得当前逐港公告,港口名录及AIS活动不直接证明停复运；零量或缺报不等于关闭。,,https://portwatch.imf.org/pages/data-and-methodology
波斯湾,Saudi Arabia,Saudi Arabia - Offshore Oil Terminal 1,fso158,2026-09-25,Saudi Arabia - Offshore Oil Terminal 1,Saudi Arabia - Offshore Oil Terminal 1,Saudi Arabia,Saudi Arabia,0,0,0,0,0,0,0,0,7,0,0.0,0.0,0,0.0,0.0,30,0,0.0,0.0,0,0,0.0,0.0,30日油轮挂靠全零：源覆盖待核；30日两类挂靠全零：源覆盖待核,AIS识别进港及模型估算货量；不是港务局实测吞吐量,28.16699999999999,49.916999999999994,当前停复运待核,未取得当前逐港公告,港口名录及AIS活动不直接证明停复运；零量或缺报不等于关闭。,,https://portwatch.imf.org/pages/data-and-methodology
波斯湾,United Arab Emirates,Abu Dhabi,port5,2026-09-25,Abu Dhabi,Abu Dhabi,United Arab Emirates,United Arab Emirates,0,0,0,0,9,11500,649,12149,7,1,0.14285714285714285,2276.8571428571427,7,4.714285714285714,5970.857142857143,30,9,0.3333333333333333,2536.4666666666667,1,30,4.633333333333334,9049.1,当日油轮零但7日有挂靠；30日内存在有油轮挂靠但估算货量零,AIS识别进港及模型估算货量；不是港务局实测吞吐量,24.61243288,54.563683,当前停复运待核,未取得当前逐港公告,港口名录及AIS活动不直接证明停复运；零量或缺报不等于关闭。,,https://portwatch.imf.org/pages/data-and-methodology
波斯湾,United Arab Emirates,Ajman,port13,2026-09-25,Ajman,Ajman,United Arab Emirates,United Arab Emirates,0,0,0,0,0,0,0,0,7,1,0.14285714285714285,174.42857142857142,5,0.8571428571428571,90.14285714285714,30,2,0.06666666666666667,95.56666666666666,0,16,0.6666666666666666,650.2333333333333,当日油轮零但7日有挂靠,AIS识别进港及模型估算货量；不是港务局实测吞吐量,25.41978684,55.45367849,当前停复运待核,未取得当前逐港公告,港口名录及AIS活动不直接证明停复运；零量或缺报不等于关闭。,,https://portwatch.imf.org/pages/data-and-methodology
波斯湾,United Arab Emirates,Al Hamriyah LPG Terminal,port22,2026-09-25,Al Hamriyah LPG Terminal,Al Hamriyah LPG Terminal,United Arab Emirates,United Arab Emirates,2,9078,5074,14152,1,24047,1791,25838,7,6,1.7142857142857142,26075.0,2,0.2857142857142857,7382.285714285715,30,26,1.7333333333333334,21297.8,1,4,0.13333333333333333,2601.2,30日内存在有油轮挂靠但估算货量零,AIS识别进港及模型估算货量；不是港务局实测吞吐量,25.46752849,55.49501172,当前停复运待核,未取得当前逐港公告,港口名录及AIS活动不直接证明停复运；零量或缺报不等于关闭。,,https://portwatch.imf.org/pages/data-and-methodology
波斯湾,United Arab Emirates,Al Jazeera Port,wpi48269,2026-09-25,Al Jazeera Port,,United Arab Emirates,,,,,,,,,,0,,,,,,,0,,,,,,,,无独立PortWatch统计；不可填0；窗口源记录不全,NGA名录补充，观察量未知；邻近综合港可能范围重叠，不借用邻港统计；名录日期未注明,25.716667,55.783333,当前停复运待核,未取得当前逐港公告,港口名录及AIS活动不直接证明停复运；零量或缺报不等于关闭。,,https://msi.nga.mil/api/publications/download?key=16694622%2FSFH00000%2FUpdatedPub150.csv
波斯湾,United Arab Emirates,Al Jeer Port,facility_aljeer,2026-09-25,Al Jeer Port,,United Arab Emirates,,,,,,,,,,0,,,,,,,0,,,,,,,,无独立PortWatch统计；不可填0；窗口源记录不全,具名设施补充，进港/货量未知，不借用邻近或同名统计节点。,26.04066667,56.0845,当前停复运待核,网页无观察期；2026-10-03名称复核,原始运营商名录确认名称；无当前停复运公告或逐港实测日量，不能由AIS零量推定停运。,https://www.rakports.ae/,https://www.rakports.ae/
波斯湾,United Arab Emirates,Das Island,port2237,2026-09-25,Das Island,Das Island,United Arab Emirates,United Arab Emirates,0,0,0,0,0,0,0,0,7,0,0.0,0.0,4,1.0,175.57142857142858,30,1,0.03333333333333333,0.0,1,17,1.0666666666666667,201.83333333333334,30日内存在有油轮挂靠但估算货量零,AIS识别进港及模型估算货量；不是港务局实测吞吐量,25.1459398379326,52.8754554358407,当前停复运待核,未取得当前逐港公告,港口名录及AIS活动不直接证明停复运；零量或缺报不等于关闭。,,https://portwatch.imf.org/pages/data-and-methodology
波斯湾,United Arab Emirates,Delma Port,facility_delma,2026-09-25,Delma Port,,United Arab Emirates,,,,,,,,,,0,,,,,,,0,,,,,,,,无独立PortWatch统计；不可填0；窗口源记录不全,具名设施补充，进港/货量未知，不借用邻近或同名统计节点。,,,当前停复运待核,网页无观察期；2026-10-03名称复核,原始运营商名录确认名称；无当前停复运公告或逐港实测日量，不能由AIS零量推定停运。,https://www.adports.ae/ports-terminals/community-ports/delma-port/,https://www.adports.ae/ports-terminals/community-ports/delma-port/
波斯湾,United Arab Emirates,Dubai,port306,2026-09-25,Dubai,Dubai,United Arab Emirates,United Arab Emirates,0,0,0,0,6,3618,8805,12423,7,0,0.0,0.0,7,4.714285714285714,7239.857142857143,30,6,0.2,428.56666666666666,2,30,5.733333333333333,4554.133333333333,30日内存在有油轮挂靠但估算货量零,AIS识别进港及模型估算货量；不是港务局实测吞吐量,25.27337362,55.290821,当前停复运待核,未取得当前逐港公告,港口名录及AIS活动不直接证明停复运；零量或缺报不等于关闭。,,https://portwatch.imf.org/pages/data-and-methodology
波斯湾,United Arab Emirates,Fateh Oil Terminal,wpi48265,2026-09-25,Fateh Oil Terminal,,United Arab Emirates,,,,,,,,,,0,,,,,,,0,,,,,,,,无独立PortWatch统计；不可填0；窗口源记录不全,NGA名录补充，观察量未知；邻近综合港可能范围重叠，不借用邻港统计；名录日期未注明,25.583333,54.416667,当前停复运待核,未取得当前逐港公告,港口名录及AIS活动不直接证明停复运；零量或缺报不等于关闭。,,https://msi.nga.mil/api/publications/download?key=16694622%2FSFH00000%2FUpdatedPub150.csv
波斯湾,United Arab Emirates,Free Port (Zayed),facility_freeport,2026-09-25,Free Port (Zayed),,United Arab Emirates,,,,,,,,,,0,,,,,,,0,,,,,,,,无独立PortWatch统计；不可填0；窗口源记录不全,运营商确认属于扎耶德港区；具名子设施，不代表独立统计范围，进港和货量不借用上级或邻港。,,,当前停复运待核,网页无观察期；2026-10-03名称复核,原始运营商名录确认名称；无当前停复运公告或逐港实测日量，不能由AIS零量推定停运。,https://www.adports.ae/ports-terminals/commercial-ports/free-port/,https://www.adports.ae/ports-terminals/commercial-ports/free-port/
波斯湾,United Arab Emirates,Hamriyah Port,facility_hamriyah,2026-09-25,Hamriyah Port,,United Arab Emirates,,,,,,,,,,0,,,,,,,0,,,,,,,,无独立PortWatch统计；不可填0；窗口源记录不全,具名设施补充，进港/货量未知，不借用邻近或同名统计节点。,,,当前停复运待核,网页无观察期；2026-10-03名称复核,原始运营商名录确认名称；无当前停复运公告或逐港实测日量，不能由AIS零量推定停运。,https://sharjahports.gov.ae/,https://sharjahports.gov.ae/
波斯湾,United Arab Emirates,Jabal Az Zannah-Ruways,port512,2026-09-25,Jabal Az Zannah-Ruways,Jabal Az Zannah-Ruways,United Arab Emirates,United Arab Emirates,0,0,0,0,1,386,59,445,7,0,0.0,0.0,2,0.2857142857142857,127.14285714285714,30,1,0.03333333333333333,177.73333333333332,0,10,0.3333333333333333,133.5,当日记录与窗口记录已核对,AIS识别进港及模型估算货量；不是港务局实测吞吐量,24.12697586,52.71021364,当前停复运待核,未取得当前逐港公告,港口名录及AIS活动不直接证明停复运；零量或缺报不等于关闭。,,https://portwatch.imf.org/pages/data-and-methodology
波斯湾,United Arab Emirates,Jebel Ali,port744,2026-09-25,Jebel Ali,Jebel Ali,United Arab Emirates,United Arab Emirates,1,23636,0,23636,2,1117,1180,2297,7,4,0.5714285714285714,23010.0,7,3.857142857142857,119881.57142857143,30,16,0.8666666666666667,26665.633333333335,0,30,3.7333333333333334,96117.6,当日记录与窗口记录已核对,AIS识别进港及模型估算货量；不是港务局实测吞吐量,24.99941947,55.07781687,当前停复运待核,未取得当前逐港公告,港口名录及AIS活动不直接证明停复运；零量或缺报不等于关闭。,,https://portwatch.imf.org/pages/data-and-methodology
波斯湾,United Arab Emirates,Jebel Dhanna,port2236,2026-09-25,Jebel Dhanna,Jebel Dhanna,United Arab Emirates,United Arab Emirates,0,0,0,0,0,0,0,0,7,0,0.0,0.0,4,0.8571428571428571,99.42857142857143,30,0,0.0,0.0,0,19,0.8666666666666667,100.0,30日油轮挂靠全零：源覆盖待核,AIS识别进港及模型估算货量；不是港务局实测吞吐量,24.174505328853,52.5910418293556,当前停复运待核,未取得当前逐港公告,港口名录及AIS活动不直接证明停复运；零量或缺报不等于关闭。,,https://portwatch.imf.org/pages/data-and-methodology
波斯湾,United Arab Emirates,Khalifa Port,port2025,2026-09-25,Khalifa Port,Khalifa Port,United Arab Emirates,United Arab Emirates,0,0,0,0,2,1284,4956,6240,7,1,0.14285714285714285,3497.8571428571427,6,1.7142857142857142,5399.142857142857,30,2,0.06666666666666667,1445.8,0,27,2.1666666666666665,18299.433333333334,当日油轮零但7日有挂靠,AIS识别进港及模型估算货量；不是港务局实测吞吐量,24.8063011338021,54.6931452546069,当前停复运待核,未取得当前逐港公告,港口名录及AIS活动不直接证明停复运；零量或缺报不等于关闭。,,https://portwatch.imf.org/pages/data-and-methodology
波斯湾,United Arab Emirates,Mina Al Hamriya (Dubai),facility_hamriya_dubai,2026-09-25,Mina Al Hamriya (Dubai),,United Arab Emirates,,,,,,,,,,0,,,,,,,0,,,,,,,,无独立PortWatch统计；不可填0；窗口源记录不全,具名设施补充，进港/货量未知，不借用邻近或同名统计节点。,,,当前停复运待核,网页无观察期；2026-10-03名称复核,原始运营商名录确认名称；无当前停复运公告或逐港实测日量，不能由AIS零量推定停运。,https://www.dpworld.com/en/news/releases/uae/dp-world-sets-automotive-record-in-the-uae-handling-over-1-million-vehicles-in-2024,https://www.dpworld.com/en/news/releases/uae/dp-world-sets-automotive-record-in-the-uae-handling-over-1-million-vehicles-in-2024
波斯湾,United Arab Emirates,Mina Rashid,facility_rashid,2026-09-25,Mina Rashid,,United Arab Emirates,,,,,,,,,,0,,,,,,,0,,,,,,,,无独立PortWatch统计；不可填0；窗口源记录不全,DP World 2025-02-28公告确认2024作业；与源库Dubai统计区域可能重叠，未取得独立范围映射，不借用其统计。,,,当前停复运待核,网页无观察期；2026-10-03名称复核,原始运营商名录确认名称；无当前停复运公告或逐港实测日量，不能由AIS零量推定停运。,https://www.dpworld.com/en/news/releases/uae/dp-world-sets-automotive-record-in-the-uae-handling-over-1-million-vehicles-in-2024,https://www.dpworld.com/en/news/releases/uae/dp-world-sets-automotive-record-in-the-uae-handling-over-1-million-vehicles-in-2024
波斯湾,United Arab Emirates,Mirfa Port,facility_mirfa,2026-09-25,Mirfa Port,,United Arab Emirates,,,,,,,,,,0,,,,,,,0,,,,,,,,无独立PortWatch统计；不可填0；窗口源记录不全,具名设施补充，进港/货量未知，不借用邻近或同名统计节点。,,,当前停复运待核,网页无观察期；2026-10-03名称复核,原始运营商名录确认名称；无当前停复运公告或逐港实测日量，不能由AIS零量推定停运。,https://www.adports.ae/ports-terminals/community-ports/mirfa-port/,https://www.adports.ae/ports-terminals/community-ports/mirfa-port/
波斯湾,United Arab Emirates,Mubarraz Oil Terminal,wpi48268,2026-09-25,Mubarraz Oil Terminal,,United Arab Emirates,,,,,,,,,,0,,,,,,,0,,,,,,,,无独立PortWatch统计；不可填0；窗口源记录不全,NGA名录补充，观察量未知；邻近综合港可能范围重叠，不借用邻港统计；名录日期未注明,24.433333,53.516667,当前停复运待核,未取得当前逐港公告,港口名录及AIS活动不直接证明停复运；零量或缺报不等于关闭。,,https://msi.nga.mil/api/publications/download?key=16694622%2FSFH00000%2FUpdatedPub150.csv
波斯湾,United Arab Emirates,Mugharraq Port,facility_mugharraq,2026-09-25,Mugharraq Port,,United Arab Emirates,,,,,,,,,,0,,,,,,,0,,,,,,,,无独立PortWatch统计；不可填0；窗口源记录不全,具名设施补充，进港/货量未知，不借用邻近或同名统计节点。,,,当前停复运待核,网页无观察期；2026-10-03名称复核,原始运营商名录确认名称；无当前停复运公告或逐港实测日量，不能由AIS零量推定停运。,https://www.adports.ae/ports-terminals/commercial-ports/mugharraq-port/,https://www.adports.ae/ports-terminals/commercial-ports/mugharraq-port/
波斯湾,United Arab Emirates,Musaffah Port,facility_musaffah,2026-09-25,Musaffah Port,,United Arab Emirates,,,,,,,,,,0,,,,,,,0,,,,,,,,无独立PortWatch统计；不可填0；窗口源记录不全,具名设施补充，进港/货量未知，不借用邻近或同名统计节点。,,,当前停复运待核,网页无观察期；2026-10-03名称复核,原始运营商名录确认名称；无当前停复运公告或逐港实测日量，不能由AIS零量推定停运。,https://www.adports.ae/ports-terminals/commercial-ports/musaffah-port/,https://www.adports.ae/ports-terminals/commercial-ports/musaffah-port/
波斯湾,United Arab Emirates,Ras Al Khaimah Port,facility_rak,2026-09-25,Ras Al Khaimah Port,,United Arab Emirates,,,,,,,,,,0,,,,,,,0,,,,,,,,无独立PortWatch统计；不可填0；窗口源记录不全,具名设施补充，进港/货量未知，不借用邻近或同名统计节点。,25.79266667,55.95233333,当前停复运待核,网页无观察期；2026-10-03名称复核,原始运营商名录确认名称；无当前停复运公告或逐港实测日量，不能由AIS零量推定停运。,https://www.rakports.ae/ports/ras-al-khaimah-port/,https://www.rakports.ae/ports/ras-al-khaimah-port/
波斯湾,United Arab Emirates,Shahama Port,facility_shahama,2026-09-25,Shahama Port,,United Arab Emirates,,,,,,,,,,0,,,,,,,0,,,,,,,,无独立PortWatch统计；不可填0；窗口源记录不全,具名设施补充，进港/货量未知，不借用邻近或同名统计节点。,,,当前停复运待核,网页无观察期；2026-10-03名称复核,原始运营商名录确认名称；无当前停复运公告或逐港实测日量，不能由AIS零量推定停运。,https://www.adports.ae/ports-terminals/community-ports/shahama-port/,https://www.adports.ae/ports-terminals/community-ports/shahama-port/
波斯湾,United Arab Emirates,Sharjah,port72,2026-09-25,Sharjah,Sharjah,United Arab Emirates,United Arab Emirates,1,5739,1969,7708,0,0,0,0,7,3,0.7142857142857143,3223.8571428571427,4,0.7142857142857143,4122.857142857143,30,14,0.6,3039.7,2,22,1.2,5703.9,30日内存在有油轮挂靠但估算货量零,AIS识别进港及模型估算货量；不是港务局实测吞吐量,25.36312735,55.37623329,当前停复运待核,未取得当前逐港公告,港口名录及AIS活动不直接证明停复运；零量或缺报不等于关闭。,,https://portwatch.imf.org/pages/data-and-methodology
波斯湾,United Arab Emirates,Sharjah Offshore Terminal,wpi48272,2026-09-25,Sharjah Offshore Terminal,,United Arab Emirates,,,,,,,,,,0,,,,,,,0,,,,,,,,无独立PortWatch统计；不可填0；窗口源记录不全,NGA名录补充，观察量未知；邻近综合港可能范围重叠，不借用邻港统计；名录日期未注明,25.583333,55.4,当前停复运待核,未取得当前逐港公告,港口名录及AIS活动不直接证明停复运；零量或缺报不等于关闭。,,https://msi.nga.mil/api/publications/download?key=16694622%2FSFH00000%2FUpdatedPub150.csv
波斯湾,United Arab Emirates,Sila Port,facility_sila,2026-09-25,Sila Port,,United Arab Emirates,,,,,,,,,,0,,,,,,,0,,,,,,,,无独立PortWatch统计；不可填0；窗口源记录不全,具名设施补充，进港/货量未知，不借用邻近或同名统计节点。,,,当前停复运待核,网页无观察期；2026-10-03名称复核,原始运营商名录确认名称；无当前停复运公告或逐港实测日量，不能由AIS零量推定停运。,https://www.adports.ae/ports-terminals/commercial-ports/sila-port/,https://www.adports.ae/ports-terminals/commercial-ports/sila-port/
波斯湾,United Arab Emirates,Umm An Nar,wpi48279,2026-09-25,Umm An Nar,,United Arab Emirates,,,,,,,,,,0,,,,,,,0,,,,,,,,无独立PortWatch统计；不可填0；窗口源记录不全,NGA名录补充，观察量未知；邻近综合港可能范围重叠，不借用邻港统计；名录日期未注明,24.45,54.483333,当前停复运待核,未取得当前逐港公告,港口名录及AIS活动不直接证明停复运；零量或缺报不等于关闭。,,https://msi.nga.mil/api/publications/download?key=16694622%2FSFH00000%2FUpdatedPub150.csv
波斯湾,United Arab Emirates,Umm al Qaiwain,port1340,2026-09-25,Umm al Qaiwain,Umm al Qaiwain,United Arab Emirates,United Arab Emirates,0,0,0,0,0,0,0,0,7,0,0.0,0.0,1,0.14285714285714285,20.142857142857142,30,0,0.0,0.0,0,2,0.06666666666666667,34.46666666666667,30日油轮挂靠全零：源覆盖待核,AIS识别进港及模型估算货量；不是港务局实测吞吐量,25.58810902,55.58024004,当前停复运待核,未取得当前逐港公告,港口名录及AIS活动不直接证明停复运；零量或缺报不等于关闭。,,https://portwatch.imf.org/pages/data-and-methodology
波斯湾,United Arab Emirates,Zayed Port,facility_zayed,2026-09-25,Zayed Port,,United Arab Emirates,,,,,,,,,,0,,,,,,,0,,,,,,,,无独立PortWatch统计；不可填0；窗口源记录不全,具名设施补充，进港/货量未知，不借用邻近或同名统计节点。,,,当前停复运待核,网页无观察期；2026-10-03名称复核,原始运营商名录确认名称；无当前停复运公告或逐港实测日量，不能由AIS零量推定停运。,https://www.adports.ae/ports-terminals/commercial-ports/zayed-port/,https://www.adports.ae/ports-terminals/commercial-ports/zayed-port/
波斯湾,United Arab Emirates,Zirku Island,port2235,2026-09-25,Zirku Island,Zirku Island,United Arab Emirates,United Arab Emirates,0,0,0,0,0,0,0,0,7,0,0.0,0.0,2,0.2857142857142857,100.0,30,0,0.0,0.0,0,13,0.6,140.2,30日油轮挂靠全零：源覆盖待核,AIS识别进港及模型估算货量；不是港务局实测吞吐量；跨库对应多个名录条目，PortWatch统计保持一个节点，不拆分：Zirkuh Oil Field / Zirkuh,24.8851758085943,53.0746754938844,当前停复运待核,未取得当前逐港公告,港口名录及AIS活动不直接证明停复运；零量或缺报不等于关闭。,,https://portwatch.imf.org/pages/data-and-methodology
红海沿岸,Saudi Arabia,Duba (Port of Neom),port304,2026-09-25,Duba (Port of Neom),Duba (Port of Neom),Saudi Arabia,Saudi Arabia,0,0,0,0,0,0,0,0,7,0,0.0,0.0,3,0.7142857142857143,12611.57142857143,30,0,0.0,0.0,0,19,0.8333333333333334,5438.8,30日油轮挂靠全零：源覆盖待核,AIS识别进港及模型估算货量；不是港务局实测吞吐量,27.55991231,35.5465967,当前停复运待核,未取得当前逐港公告,港口名录及AIS活动不直接证明停复运；零量或缺报不等于关闭。,,https://portwatch.imf.org/pages/data-and-methodology
红海沿岸,Saudi Arabia,Duba Bulk Plant Tanker Terminal,port305,2026-09-25,Duba Bulk Plant Tanker Terminal,Duba Bulk Plant Tanker Terminal,Saudi Arabia,Saudi Arabia,0,0,0,0,0,0,0,0,7,0,0.0,0.0,0,0.0,0.0,30,0,0.0,0.0,0,0,0.0,0.0,30日油轮挂靠全零：源覆盖待核；30日两类挂靠全零：源覆盖待核,AIS识别进港及模型估算货量；不是港务局实测吞吐量,27.32760527,35.73491023,当前停复运待核,未取得当前逐港公告,港口名录及AIS活动不直接证明停复运；零量或缺报不等于关闭。,,https://portwatch.imf.org/pages/data-and-methodology
红海沿岸,Saudi Arabia,Jazan,port2074,2026-09-25,Jazan,Jazan,Saudi Arabia,Saudi Arabia,0,0,0,0,0,0,0,0,7,0,0.0,0.0,0,0.0,0.0,30,0,0.0,0.0,0,0,0.0,0.0,30日油轮挂靠全零：源覆盖待核；30日两类挂靠全零：源覆盖待核,AIS识别进港及模型估算货量；不是港务局实测吞吐量,16.8797436617626,42.5430314066133,当前停复运待核,原始名录/公告期，非当前遥测,港务局名录分别列出工业延布、商业延布、吉达和吉赞；网页不构成当前开闭证明。,https://mawani.gov.sa/ports,https://portwatch.imf.org/pages/data-and-methodology
红海沿岸,Saudi Arabia,Jeddah,port518,2026-09-25,Jeddah,Jeddah,Saudi Arabia,Saudi Arabia,0,0,0,0,0,0,0,0,7,2,0.2857142857142857,160.71428571428572,5,1.1428571428571428,20649.571428571428,30,4,0.13333333333333333,1536.1333333333334,1,27,2.2666666666666666,31948.3,当日油轮零但7日有挂靠；30日内存在有油轮挂靠但估算货量零,AIS识别进港及模型估算货量；不是港务局实测吞吐量,21.46079659,39.16640594,当前停复运待核,原始名录/公告期，非当前遥测,港务局名录分别列出工业延布、商业延布、吉达和吉赞；网页不构成当前开闭证明。,https://mawani.gov.sa/ports,https://portwatch.imf.org/pages/data-and-methodology
红海沿岸,Saudi Arabia,King Abdullah Port,port2031,2026-09-25,King Abdullah Port,King Abdullah Port,Saudi Arabia,Saudi Arabia,0,0,0,0,1,6317,3877,10194,7,0,0.0,0.0,1,0.14285714285714285,1456.2857142857142,30,0,0.0,0.0,0,5,0.16666666666666666,704.8,30日油轮挂靠全零：源覆盖待核,AIS识别进港及模型估算货量；不是港务局实测吞吐量,22.5180255857748,39.0951887006265,当前停复运待核,未取得当前逐港公告,港口名录及AIS活动不直接证明停复运；零量或缺报不等于关闭。,,https://portwatch.imf.org/pages/data-and-methodology
红海沿岸,Saudi Arabia,Rabigh,port1081,2026-09-25,Rabigh,Rabigh,Saudi Arabia,Saudi Arabia,0,0,0,0,0,0,0,0,7,0,0.0,0.0,0,0.0,0.0,30,1,0.03333333333333333,0.0,1,0,0.0,0.0,30日内存在有油轮挂靠但估算货量零,AIS识别进港及模型估算货量；不是港务局实测吞吐量,22.63873353,39.05376029,当前停复运待核,未取得当前逐港公告,港口名录及AIS活动不直接证明停复运；零量或缺报不等于关闭。,,https://portwatch.imf.org/pages/data-and-methodology
红海沿岸,Saudi Arabia,Sharmah,facility_wpi48104,2026-09-25,Sharmah,,Saudi Arabia,,,,,,,,,,0,,,,,,,0,,,,,,,,无独立PortWatch统计；不可填0；窗口源记录不全,具名设施补充，进港/货量未知，不借用邻近或同名统计节点。,27.933333,35.25,当前停复运待核,网页无观察期；2026-10-03名称复核,NGA WPI名录确认名称；未取得当前商业作业或关闭公告。,https://arcgis.netl.doe.gov/server/rest/services/Hosted/CCS_EJ_SJ_Data/FeatureServer/17,https://arcgis.netl.doe.gov/server/rest/services/Hosted/CCS_EJ_SJ_Data/FeatureServer/17
红海沿岸,Saudi Arabia,Shoaiba,port519,2026-09-25,Shoaiba,Shoaiba,Saudi Arabia,Saudi Arabia,0,0,0,0,0,0,0,0,7,0,0.0,0.0,0,0.0,0.0,30,0,0.0,0.0,0,0,0.0,0.0,30日油轮挂靠全零：源覆盖待核；30日两类挂靠全零：源覆盖待核,AIS识别进港及模型估算货量；不是港务局实测吞吐量,20.65258296,39.54249452,当前停复运待核,未取得当前逐港公告,港口名录及AIS活动不直接证明停复运；零量或缺报不等于关闭。,,https://portwatch.imf.org/pages/data-and-methodology
红海沿岸,Saudi Arabia,Shuqaiq,port2218,2026-09-25,Shuqaiq,Shuqaiq,Saudi Arabia,Saudi Arabia,0,0,0,0,0,0,0,0,7,0,0.0,0.0,0,0.0,0.0,30,0,0.0,0.0,0,0,0.0,0.0,30日油轮挂靠全零：源覆盖待核；30日两类挂靠全零：源覆盖待核,AIS识别进港及模型估算货量；不是港务局实测吞吐量,17.6283957836864,42.0779551591398,当前停复运待核,未取得当前逐港公告,港口名录及AIS活动不直接证明停复运；零量或缺报不等于关闭。,,https://portwatch.imf.org/pages/data-and-methodology
红海沿岸,Saudi Arabia,Yanbu (King Fahd Port),port570,2026-09-25,Yanbu (King Fahd Port),Yanbu (King Fahd Port),Saudi Arabia,Saudi Arabia,0,0,0,0,1,2124,0,2124,7,0,0.0,0.0,1,0.14285714285714285,303.42857142857144,30,2,0.06666666666666667,1081.0333333333333,0,3,0.1,2829.1666666666665,当日记录与窗口记录已核对,AIS识别进港及模型估算货量；不是港务局实测吞吐量,23.95087468,38.27170365,当前停复运待核,原始名录/公告期，非当前遥测,港务局名录分别列出工业延布、商业延布、吉达和吉赞；网页不构成当前开闭证明。,https://mawani.gov.sa/ports,https://portwatch.imf.org/pages/data-and-methodology
红海沿岸,Saudi Arabia,Yanbu (Yanbu city),port1408,2026-09-25,Yanbu (Yanbu city),Yanbu (Yanbu city),Saudi Arabia,Saudi Arabia,0,0,0,0,0,0,0,0,7,0,0.0,0.0,0,0.0,0.0,30,0,0.0,0.0,0,4,0.13333333333333333,6588.333333333333,30日油轮挂靠全零：源覆盖待核,AIS识别进港及模型估算货量；不是港务局实测吞吐量,24.07715154,38.07030618,当前停复运待核,原始名录/公告期，非当前遥测,港务局名录分别列出工业延布、商业延布、吉达和吉赞；网页不构成当前开闭证明。,https://mawani.gov.sa/ports,https://portwatch.imf.org/pages/data-and-methodology
苏伊士运河,Egypt,Ain Sukhna Terminal,wpi48055,2026-09-25,Ain Sukhna Terminal,,Egypt,,,,,,,,,,0,,,,,,,0,,,,,,,,无独立PortWatch统计；不可填0；窗口源记录不全,NGA名录补充，观察量未知；邻近综合港可能范围重叠，不借用邻港统计；名录日期未注明,29.583333,32.366667,当前停复运待核,未取得当前逐港公告,港口名录及AIS活动不直接证明停复运；零量或缺报不等于关闭。,,https://msi.nga.mil/api/publications/download?key=16694622%2FSFH00000%2FUpdatedPub150.csv
苏伊士运河,Egypt,Al Adabiyah,port321,2026-09-25,Al Adabiyah,Al Adabiyah,Egypt,Egypt,0,0,0,0,0,0,0,0,7,1,0.14285714285714285,4492.142857142857,3,0.5714285714285714,1634.142857142857,30,8,0.3,4597.9,0,15,0.6333333333333333,4700.033333333334,当日油轮零但7日有挂靠,AIS识别进港及模型估算货量；不是港务局实测吞吐量,29.90416291,32.46211563,当前停复运待核,未取得当前逐港公告,港口名录及AIS活动不直接证明停复运；零量或缺报不等于关闭。,,https://portwatch.imf.org/pages/data-and-methodology
苏伊士运河,Egypt,As Suways,port71,2026-09-25,As Suways,As Suways,Egypt,Egypt,0,0,0,0,0,0,0,0,7,1,0.14285714285714285,73.0,0,0.0,0.0,30,7,0.23333333333333334,247.5,0,5,0.16666666666666666,372.4,当日油轮零但7日有挂靠,AIS识别进港及模型估算货量；不是港务局实测吞吐量,29.95100833,32.53063921,当前停复运待核,未取得当前逐港公告,港口名录及AIS活动不直接证明停复运；零量或缺报不等于关闭。,,https://portwatch.imf.org/pages/data-and-methodology
苏伊士运河,Egypt,Damietta,port274,2026-09-25,Damietta,Damietta,Egypt,Egypt,1,0,28855,28855,8,30150,22046,52196,7,4,0.8571428571428571,9536.714285714286,7,6.857142857142857,56429.857142857145,30,16,0.8,8178.9,1,30,6.4,63445.166666666664,30日内存在有油轮挂靠但估算货量零,AIS识别进港及模型估算货量；不是港务局实测吞吐量,31.46213686,31.75947248,当前停复运待核,未取得当前逐港公告,港口名录及AIS活动不直接证明停复运；零量或缺报不等于关闭。,,https://portwatch.imf.org/pages/data-and-methodology
苏伊士运河,Egypt,El Ismailiya,wpi48050,2026-09-25,El Ismailiya,,Egypt,,,,,,,,,,0,,,,,,,0,,,,,,,,无独立PortWatch统计；不可填0；窗口源记录不全,NGA名录补充，观察量未知；邻近综合港可能范围重叠，不借用邻港统计；名录日期未注明,30.583333,32.283333,当前停复运待核,未取得当前逐港公告,港口名录及AIS活动不直接证明停复运；零量或缺报不等于关闭。,,https://msi.nga.mil/api/publications/download?key=16694622%2FSFH00000%2FUpdatedPub150.csv
苏伊士运河,Egypt,El Sokhna,port828,2026-09-25,El Sokhna,El Sokhna,Egypt,Egypt,3,149229,13810,163039,4,27910,9357,37267,7,7,2.0,115038.0,7,2.4285714285714284,17779.0,30,28,1.6333333333333333,91978.83333333333,2,30,2.7333333333333334,23303.2,30日内存在有油轮挂靠但估算货量零,AIS识别进港及模型估算货量；不是港务局实测吞吐量,29.64742882,32.35392159,当前停复运待核,未取得当前逐港公告,港口名录及AIS活动不直接证明停复运；零量或缺报不等于关闭。,,https://portwatch.imf.org/pages/data-and-methodology
苏伊士运河,Egypt,Port Said,port192,2026-09-25,Port Said,Port Said,Egypt,Egypt,1,1371,2900,4271,0,0,0,0,7,2,0.2857142857142857,1138.0,5,1.1428571428571428,7338.0,30,10,0.36666666666666664,2172.866666666667,0,23,1.5666666666666667,9889.666666666666,当日记录与窗口记录已核对,AIS识别进港及模型估算货量；不是港务局实测吞吐量,31.24958629,32.30771942,当前停复运待核,未取得当前逐港公告,港口名录及AIS活动不直接证明停复运；零量或缺报不等于关闭。,,https://portwatch.imf.org/pages/data-and-methodology
苏伊士运河,Egypt,Ras Sudr,wpi48053,2026-09-25,Ras Sudr,,Egypt,,,,,,,,,,0,,,,,,,0,,,,,,,,无独立PortWatch统计；不可填0；窗口源记录不全,NGA名录补充，观察量未知；邻近综合港可能范围重叠，不借用邻港统计；名录日期未注明,29.583333,32.7,当前停复运待核,未取得当前逐港公告,港口名录及AIS活动不直接证明停复运；零量或缺报不等于关闭。,,https://msi.nga.mil/api/publications/download?key=16694622%2FSFH00000%2FUpdatedPub150.csv
苏伊士运河,Egypt,Sokhna Port Gas Tanker Terminal,wpi48035,2026-09-25,Sokhna Port Gas Tanker Terminal,,Egypt,,,,,,,,,,0,,,,,,,0,,,,,,,,无独立PortWatch统计；不可填0；窗口源记录不全,NGA名录补充，观察量未知；邻近综合港可能范围重叠，不借用邻港统计；名录日期未注明,29.683333,32.366667,当前停复运待核,未取得当前逐港公告,港口名录及AIS活动不直接证明停复运；零量或缺报不等于关闭。,,https://msi.nga.mil/api/publications/download?key=16694622%2FSFH00000%2FUpdatedPub150.csv
里海,Iran,Amirabad Port,port43,2026-09-25,Amirabad Port,Amirabad Port,Iran,Iran,0,0,0,0,0,0,0,0,7,0,0.0,0.0,5,2.0,1670.5714285714287,30,5,0.16666666666666666,448.0,0,23,2.1333333333333333,1904.3666666666666,当日记录与窗口记录已核对,AIS识别进港及模型估算货量；不是港务局实测吞吐量,36.85068189,53.365271129999996,当前停复运待核,未取得当前逐港公告,港口名录及AIS活动不直接证明停复运；零量或缺报不等于关闭。,,https://portwatch.imf.org/pages/data-and-methodology
里海,Iran,Bandar-e Anzali,port58,2026-09-25,Bandar-e Anzali,Bandar-e Anzali,Iran,Iran,0,0,0,0,1,560,120,680,7,1,0.14285714285714285,455.7142857142857,6,1.7142857142857142,1277.5714285714287,30,6,0.23333333333333334,688.6,0,23,2.0,1522.5666666666666,当日油轮零但7日有挂靠,AIS识别进港及模型估算货量；不是港务局实测吞吐量,37.47515153,49.46995908,当前停复运待核,未取得当前逐港公告,港口名录及AIS活动不直接证明停复运；零量或缺报不等于关闭。,,https://portwatch.imf.org/pages/data-and-methodology
里海,Iran,Nowshahr Port,port834,2026-09-25,Nowshahr Port,Nowshahr Port,Iran,Iran,0,0,0,0,0,0,0,0,7,0,0.0,0.0,3,0.7142857142857143,631.5714285714286,30,1,0.06666666666666667,213.66666666666666,0,19,1.3,1117.8333333333333,当日记录与窗口记录已核对,AIS识别进港及模型估算货量；不是港务局实测吞吐量,36.65505162,51.50857211,当前停复运待核,未取得当前逐港公告,港口名录及AIS活动不直接证明停复运；零量或缺报不等于关闭。,,https://portwatch.imf.org/pages/data-and-methodology
阿拉伯海,Oman,Duqm,port984,2026-09-25,Duqm,Duqm,Oman,Oman,1,0,0,0,1,5016,0,5016,7,3,0.42857142857142855,10277.142857142857,6,1.2857142857142858,7572.857142857143,30,14,0.5666666666666667,6683.9,2,25,1.1666666666666667,8659.666666666666,当日有油轮挂靠但估算货量零；30日内存在有油轮挂靠但估算货量零,AIS识别进港及模型估算货量；不是港务局实测吞吐量,19.67066724,57.71736119,当前停复运待核,原始名录/公告期，非当前遥测,运营商明确管理杜库姆商业码头；网页无当前观察期，未单独确认当日停复运。,https://asyad.om/ports/oman%27s-ports/asyad-terminals-duqm,https://portwatch.imf.org/pages/data-and-methodology
阿拉伯海,Oman,Oman - Offshore Oil Terminal 1,fso151,2026-09-25,Oman - Offshore Oil Terminal 1,Oman - Offshore Oil Terminal 1,Oman,Oman,0,0,0,0,0,0,0,0,7,0,0.0,0.0,0,0.0,0.0,30,2,0.06666666666666667,1273.0,0,0,0.0,0.0,当日记录与窗口记录已核对,AIS识别进港及模型估算货量；不是港务局实测吞吐量,19.918000000000013,58.080000000000005,当前停复运待核,未取得当前逐港公告,港口名录及AIS活动不直接证明停复运；零量或缺报不等于关闭。,,https://portwatch.imf.org/pages/data-and-methodology
阿拉伯海,Oman,Salalah,port746,2026-09-25,Salalah,Salalah,Oman,Oman,1,6682,5475,12157,6,71241,137651,208892,7,4,0.8571428571428571,11197.142857142857,7,4.857142857142857,195473.7142857143,30,20,0.8666666666666667,10631.933333333332,0,30,4.733333333333333,218595.5,当日记录与窗口记录已核对,AIS识别进港及模型估算货量；不是港务局实测吞吐量,16.94229498,54.0083198,当前停复运待核,原始名录/公告期，非当前遥测,运营商港口资料确认商业港；未取得对应日期关闭/复运的正式公告。,https://salalahport.com.om/,https://portwatch.imf.org/pages/data-and-methodology
阿曼湾,Iran,Chabahar,port226,2026-09-25,Chabahar,Chabahar,Iran,Iran,0,0,0,0,0,0,0,0,7,0,0.0,0.0,3,0.42857142857142855,11732.0,30,0,0.0,0.0,0,7,0.23333333333333334,6291.8,30日油轮挂靠全零：源覆盖待核,AIS识别进港及模型估算货量；不是港务局实测吞吐量,25.2960398,60.61107983,当前停复运待核,未取得当前逐港公告,港口名录及AIS活动不直接证明停复运；零量或缺报不等于关闭。,,https://portwatch.imf.org/pages/data-and-methodology
阿曼湾,Iran,Jask,port2486,2026-09-25,Jask,Jask,Iran,Iran,0,0,0,0,1,0,0,0,7,0,0.0,0.0,2,0.2857142857142857,0.0,30,0,0.0,0.0,0,6,0.2,0.0,30日油轮挂靠全零：源覆盖待核,AIS识别进港及模型估算货量；不是港务局实测吞吐量,25.65683066460673,57.768566432065185,当前停复运待核,未取得当前逐港公告,港口名录及AIS活动不直接证明停复运；零量或缺报不等于关闭。,,https://portwatch.imf.org/pages/data-and-methodology
阿曼湾,Oman,Mina Al Fahl,wpi48255,2026-09-25,Mina Al Fahl,,Oman,,,,,,,,,,0,,,,,,,0,,,,,,,,无独立PortWatch统计；不可填0；窗口源记录不全,NGA名录补充，观察量未知；邻近综合港可能范围重叠，不借用邻港统计；名录日期未注明,23.633333,58.516667,当前停复运待核,未取得当前逐港公告,港口名录及AIS活动不直接证明停复运；零量或缺报不等于关闭。,,https://msi.nga.mil/api/publications/download?key=16694622%2FSFH00000%2FUpdatedPub150.csv
阿曼湾,Oman,Port Sultan Qaboos,port745,2026-09-25,Port Sultan Qaboos,Port Sultan Qaboos,Oman,Oman,0,0,0,0,3,40754,3213,43967,7,2,0.2857142857142857,1405.142857142857,4,1.1428571428571428,9946.0,30,2,0.06666666666666667,327.8666666666667,0,13,0.7,5957.333333333333,当日油轮零但7日有挂靠,AIS识别进港及模型估算货量；不是港务局实测吞吐量,23.62884171,58.56595296,当前停复运待核,未取得当前逐港公告,港口名录及AIS活动不直接证明停复运；零量或缺报不等于关闭。,,https://portwatch.imf.org/pages/data-and-methodology
阿曼湾,Oman,Port of Sohar,port988,2026-09-25,Port of Sohar,Port of Sohar,Oman,Oman,1,0,5638,5638,3,8785,21203,29988,7,6,1.1428571428571428,19058.571428571428,6,3.2857142857142856,64823.857142857145,30,26,1.6333333333333333,35182.2,0,29,3.7666666666666666,100533.46666666666,当日记录与窗口记录已核对,AIS识别进港及模型估算货量；不是港务局实测吞吐量,24.51168743,56.6127179,当前停复运待核,未取得当前逐港公告,港口名录及AIS活动不直接证明停复运；零量或缺报不等于关闭。,,https://portwatch.imf.org/pages/data-and-methodology
阿曼湾,Oman,Qalhat LNG Terminal,port1068,2026-09-25,Qalhat LNG Terminal,Qalhat LNG Terminal,Oman,Oman,0,0,0,0,1,2420,31351,33771,7,3,0.42857142857142855,21921.714285714286,1,0.14285714285714285,4824.428571428572,30,11,0.4,19143.7,3,4,0.13333333333333333,4881.433333333333,当日油轮零但7日有挂靠；30日内存在有油轮挂靠但估算货量零,AIS识别进港及模型估算货量；不是港务局实测吞吐量,22.65195684,59.41585249,当前停复运待核,未取得当前逐港公告,港口名录及AIS活动不直接证明停复运；零量或缺报不等于关闭。,,https://portwatch.imf.org/pages/data-and-methodology
阿曼湾,Oman,Shinas,facility_shinas,2026-09-25,Shinas,,Oman,,,,,,,,,,0,,,,,,,0,,,,,,,,无独立PortWatch统计；不可填0；窗口源记录不全,Asyad港口名录补充；坐标是所在地近似点，进港与货量未知,24.766666666666666,56.483333333333334,当前停复运待核,未取得当前逐港公告,港口名录及AIS活动不直接证明停复运；零量或缺报不等于关闭。,,https://www.asyad.com/ports
阿曼湾,Oman,Suwaiq,facility_suwaiq,2026-09-25,Suwaiq,,Oman,,,,,,,,,,0,,,,,,,0,,,,,,,,无独立PortWatch统计；不可填0；窗口源记录不全,Asyad港口名录补充；坐标是所在地近似点，进港与货量未知,23.85,57.45,当前停复运待核,未取得当前逐港公告,港口名录及AIS活动不直接证明停复运；零量或缺报不等于关闭。,,https://www.asyad.com/ports
阿曼湾,United Arab Emirates,Fujairah,port362,2026-09-25,Fujairah,Fujairah,United Arab Emirates,United Arab Emirates,4,36668,22835,59503,2,16130,2739,18869,7,7,4.714285714285714,124194.71428571429,7,3.5714285714285716,86699.0,30,30,4.5,138482.86666666667,0,27,2.3,57325.8,当日记录与窗口记录已核对,AIS识别进港及模型估算货量；不是港务局实测吞吐量,25.20017278,56.35942059,当前停复运待核,未取得当前逐港公告,港口名录及AIS活动不直接证明停复运；零量或缺报不等于关闭。,,https://portwatch.imf.org/pages/data-and-methodology
阿曼湾,United Arab Emirates,Khor Fakkan,port561,2026-09-25,Khor Fakkan,Khor Fakkan,United Arab Emirates,United Arab Emirates,0,0,0,0,2,12918,3285,16203,7,2,0.2857142857142857,1674.2857142857142,6,1.7142857142857142,28137.0,30,3,0.1,407.6333333333333,0,26,1.6666666666666667,23704.166666666668,当日油轮零但7日有挂靠,AIS识别进港及模型估算货量；不是港务局实测吞吐量,25.35368858,56.36875484,当前停复运待核,未取得当前逐港公告,港口名录及AIS活动不直接证明停复运；零量或缺报不等于关闭。,,https://portwatch.imf.org/pages/data-and-methodology
霍尔木兹海峡,Iran,Bandar Abbas,port107,2026-09-25,Bandar Abbas,Bandar Abbas,Iran,Iran,0,0,0,0,0,0,0,0,7,2,0.2857142857142857,0.0,2,0.2857142857142857,253.28571428571428,30,6,0.23333333333333334,0.0,6,6,0.2,141.83333333333334,当日油轮零但7日有挂靠；30日内存在有油轮挂靠但估算货量零,AIS识别进港及模型估算货量；不是港务局实测吞吐量,27.14750008,56.20294512,当前停复运待核,未取得当前逐港公告,港口名录及AIS活动不直接证明停复运；零量或缺报不等于关闭。,,https://portwatch.imf.org/pages/data-and-methodology
霍尔木兹海峡,Iran,Bandar Shahid Rajaee,port106,2026-09-25,Bandar Shahid Rajaee,Bandar Shahid Rajaee,Iran,Iran,1,0,0,0,0,0,0,0,7,3,0.5714285714285714,1518.5714285714287,2,0.42857142857142855,7879.428571428572,30,7,0.3,896.5333333333333,4,11,0.4,4660.233333333334,当日有油轮挂靠但估算货量零；30日内存在有油轮挂靠但估算货量零,AIS识别进港及模型估算货量；不是港务局实测吞吐量,27.13960482,56.06282679,当前停复运待核,未取得当前逐港公告,港口名录及AIS活动不直接证明停复运；零量或缺报不等于关闭。,,https://portwatch.imf.org/pages/data-and-methodology
霍尔木兹海峡,Iran,Jazireh-Ye Hormoz,wpi48530,2026-09-25,Jazireh-Ye Hormoz,,Iran,,,,,,,,,,0,,,,,,,0,,,,,,,,无独立PortWatch统计；不可填0；窗口源记录不全,NGA名录补充，观察量未知；邻近综合港可能范围重叠，不借用邻港统计；名录日期未注明,27.1,56.45,当前停复运待核,未取得当前逐港公告,港口名录及AIS活动不直接证明停复运；零量或缺报不等于关闭。,,https://msi.nga.mil/api/publications/download?key=16694622%2FSFH00000%2FUpdatedPub150.csv
霍尔木兹海峡,Oman,Khawr Khasab,wpi48259,2026-09-25,Khawr Khasab,,Oman,,,,,,,,,,0,,,,,,,0,,,,,,,,无独立PortWatch统计；不可填0；窗口源记录不全,NGA名录补充，观察量未知；邻近综合港可能范围重叠，不借用邻港统计；名录日期未注明,26.216667,56.233333,当前停复运待核,未取得当前逐港公告,港口名录及AIS活动不直接证明停复运；零量或缺报不等于关闭。,,https://msi.nga.mil/api/publications/download?key=16694622%2FSFH00000%2FUpdatedPub150.csv
霍尔木兹海峡,United Arab Emirates,Hulaylah Oil Terminal,wpi48280,2026-09-25,Hulaylah Oil Terminal,,United Arab Emirates,,,,,,,,,,0,,,,,,,0,,,,,,,,无独立PortWatch统计；不可填0；窗口源记录不全,NGA名录补充，观察量未知；邻近综合港可能范围重叠，不借用邻港统计；名录日期未注明,25.983333,55.933333,当前停复运待核,未取得当前逐港公告,港口名录及AIS活动不直接证明停复运；零量或缺报不等于关闭。,,https://msi.nga.mil/api/publications/download?key=16694622%2FSFH00000%2FUpdatedPub150.csv
霍尔木兹海峡,United Arab Emirates,Mina Saqr,port747,2026-09-25,Mina Saqr,Mina Saqr,United Arab Emirates,United Arab Emirates,0,0,0,0,1,0,0,0,7,1,0.14285714285714285,2230.714285714286,7,2.4285714285714284,45384.0,30,5,0.16666666666666666,1900.3333333333333,0,28,2.3,49794.03333333333,当日油轮零但7日有挂靠,AIS识别进港及模型估算货量；不是港务局实测吞吐量,25.96728647,56.06305892,当前停复运待核,未取得当前逐港公告,港口名录及AIS活动不直接证明停复运；零量或缺报不等于关闭。,,https://portwatch.imf.org/pages/data-and-methodology
